0,31-May-18 7:43:32 AM,2,"Button Change: Clear crimp 1 counter is to ON",2308,1,,,,,,,,
1,31-May-18 7:43:32 AM,2,"Button Change: Clear crimp 2 counter is to ON",2309,1,,,,,,,,
2,31-May-18 7:43:33 AM,2,"Button Change: Clear crimp 1 counter is to OFF",2308,0,,,,,,,,
3,31-May-18 7:43:33 AM,2,"Button Change: Clear total counter is to ON",2305,1,,,,,,,,
4,31-May-18 7:43:33 AM,2,"Button Change: Clear crimp 2 counter is to OFF",2309,0,,,,,,,,
5,31-May-18 7:43:34 AM,2,"Button Change: Clear total counter is to OFF",2305,0,,,,,,,,
6,31-May-18 7:44:16 AM,10,"Bank Load: Bank change into 762",762,,,,,,,,,
7,31-May-18 7:44:16 AM,1,"Work Data Change: Wire Feed Speed 1 is from 9.0 to 8.0",2564,9.0,8.0,,,,,,,
8,31-May-18 7:44:16 AM,1,"Work Data Change: Wire Feed Speed 2 is from 8.0 to 5.0",2565,8.0,5.0,,,,,,,
9,31-May-18 7:44:16 AM,1,"Work Data Change: Wire Feed Speed 3 is from 5.0 to 10.0",2566,5.0,10.0,,,,,,,
10,31-May-18 7:44:16 AM,1,"Work Data Change: Wire Length Correction 3 is from 0.0 to 0.5",2563,0.0,0.5,,,,,,,
11,31-May-18 7:44:16 AM,1,"Work Data Change: Wire Length is from 680 to 300",257,680,300,,,,,,,
12,31-May-18 7:44:16 AM,2,"Button Change: Side 2 Back recramp is to OFF",1547,0,,,,,,,,
13,31-May-18 7:44:16 AM,1,"Work Data Change: Strip Length 1 is from 4.2 to 3.7",513,4.2,3.7,,,,,,,
14,31-May-18 7:44:16 AM,1,"Work Data Change: Strip Length 2 is from 3.9 to 3.3",769,3.9,3.3,,,,,,,
15,31-May-18 7:44:16 AM,1,"Work Data Change: Crimp Height 1 is from 0.53 to 0.97",1026,0.53,0.97,,,,,,,
16,31-May-18 7:44:16 AM,1,"Work Data Change: Crimp Position 1 is from 10.3 to 10.4",1025,10.3,10.4,,,,,,,
17,31-May-18 7:44:16 AM,1,"Work Data Change: Semi-Strip Length 2 is from 3.0 to 0.0",770,3.0,0.0,,,,,,,
18,31-May-18 7:44:16 AM,1,"Work Data Change: Wire Feed Speed 2 is from 5.0 to 10.0",2565,5.0,10.0,,,,,,,
19,31-May-18 7:44:16 AM,1,"Work Data Change: Crimp Height 2 is from 0.34 to 0.73",1282,0.34,0.73,,,,,,,
20,31-May-18 7:44:16 AM,1,"Work Data Change: Crimp Position 2 is from 9.3 to 10.1",1281,9.3,10.1,,,,,,,
21,31-May-18 7:44:16 AM,1,"Work Data Change: Wire Length Correction 2 is from 0.0 to 0.3",2562,0.0,0.3,,,,,,,
22,31-May-18 7:46:02 AM,1,"Work Data Change: Crimp Position 2 is from 10.1 to 10.0",1281,10.1,10.0,,,,,,,
23,31-May-18 7:46:06 AM,1,"Work Data Change: Strip Length 2 is from 3.3 to 3.2",769,3.3,3.2,,,,,,,
24,31-May-18 7:46:08 AM,2,"Button Change: Crimp 1 Switch is to ON",1281,1,,,,,,,,
25,31-May-18 7:46:09 AM,2,"Button Change: Crimp 2 Switch is to ON",1282,1,,,,,,,,
26,31-May-18 7:46:20 AM,2,"Button Change: CFM Teaching status is to ON",1806,1,,,,,,,,
27,31-May-18 7:46:23 AM,2,"Button Change: NORMAL is to OFF",257,0,,,,,,,,
28,31-May-18 7:46:23 AM,2,"Button Change: TEST is to ON",259,1,,,,,,,,
29,31-May-18 7:46:29 AM,2,"Button Change: CFM Teaching status is to OFF",1806,0,,,,,,,,
30,31-May-18 7:46:29 AM,3,"Error Message: Emergency Stop is Occurred",21,1,,,,,,,,
31,31-May-18 7:46:29 AM,3,"Error Message: Air pressure drop is Occurred",23,1,,,,,,,,
32,31-May-18 7:46:35 AM,3,"Error Message: Emergency Stop is Cancel",21,0,,,,,,,,
33,31-May-18 7:46:35 AM,3,"Error Message: Air pressure drop is Cancel",23,0,,,,,,,,
34,31-May-18 7:46:45 AM,3,"Error Message: Stop before the waster eject is Occurred",70,1,,,,,,,,
35,31-May-18 7:46:45 AM,3,"Error Message: Defect detection: Side1 miss-crimp (CFM) is Occurred",81,1,,,,,,,,
36,31-May-18 7:46:46 AM,3,"Error Message: Stop before the waster eject is Cancel",70,0,,,,,,,,
37,31-May-18 7:46:46 AM,3,"Error Message: Defect detection: Side1 miss-crimp (CFM) is Cancel",81,0,,,,,,,,
38,31-May-18 7:46:46 AM,2,"Button Change: Crimp 1 Switch is to OFF",1281,0,,,,,,,,
39,31-May-18 7:46:46 AM,2,"Button Change: Crimp 2 Switch is to OFF",1282,0,,,,,,,,
40,31-May-18 7:46:46 AM,2,"Button Change: Detection status of crimp error 1 is to OFF",2575,0,,,,,,,,
41,31-May-18 7:46:46 AM,2,"Button Change: Detection status of no terminal 1 is to OFF",2577,0,,,,,,,,
42,31-May-18 7:46:46 AM,2,"Button Change: Detection status of terminal overload 1 is to OFF",2579,0,,,,,,,,
43,31-May-18 7:46:46 AM,2,"Button Change: TEST is to OFF",259,0,,,,,,,,
44,31-May-18 7:46:46 AM,2,"Button Change: FREE is to ON",260,1,,,,,,,,
45,31-May-18 7:46:46 AM,2,"Button Change: Detection status of crimp error 2 is to OFF",2576,0,,,,,,,,
46,31-May-18 7:46:46 AM,2,"Button Change: Detection status of no terminal 2 is to OFF",2578,0,,,,,,,,
47,31-May-18 7:46:46 AM,2,"Button Change: Detection status of terminal overload 2 is to OFF",2580,0,,,,,,,,
48,31-May-18 7:46:47 AM,2,"Button Change: EJECT is to ON",258,1,,,,,,,,
49,31-May-18 7:46:47 AM,2,"Button Change: FREE is to OFF",260,0,,,,,,,,
50,31-May-18 7:46:49 AM,3,"Error Message: Stop before the waster eject is Occurred",70,1,,,,,,,,
51,31-May-18 7:46:49 AM,3,"Error Message: Stop before the waster eject is Cancel",70,0,,,,,,,,
52,31-May-18 7:46:54 AM,2,"Button Change: CFM Teaching status is to ON",1806,1,,,,,,,,
53,31-May-18 7:46:56 AM,2,"Button Change: TEST is to ON",259,1,,,,,,,,
54,31-May-18 7:46:56 AM,2,"Button Change: EJECT is to OFF",258,0,,,,,,,,
55,31-May-18 7:46:58 AM,2,"Button Change: TEST is to OFF",259,0,,,,,,,,
56,31-May-18 7:46:58 AM,2,"Button Change: EJECT is to ON",258,1,,,,,,,,
57,31-May-18 7:47:00 AM,2,"Button Change: Crimp 2 Switch is to ON",1282,1,,,,,,,,
58,31-May-18 7:47:00 AM,2,"Button Change: Detection status of crimp error 2 is to ON",2576,1,,,,,,,,
59,31-May-18 7:47:00 AM,2,"Button Change: Detection status of no terminal 2 is to ON",2578,1,,,,,,,,
60,31-May-18 7:47:00 AM,2,"Button Change: Detection status of terminal overload 2 is to ON",2580,1,,,,,,,,
61,31-May-18 7:47:01 AM,2,"Button Change: Crimp 1 Switch is to ON",1281,1,,,,,,,,
62,31-May-18 7:47:01 AM,2,"Button Change: Detection status of crimp error 1 is to ON",2575,1,,,,,,,,
63,31-May-18 7:47:01 AM,2,"Button Change: Detection status of no terminal 1 is to ON",2577,1,,,,,,,,
64,31-May-18 7:47:01 AM,2,"Button Change: Detection status of terminal overload 1 is to ON",2579,1,,,,,,,,
65,31-May-18 7:47:02 AM,2,"Button Change: TEST is to ON",259,1,,,,,,,,
66,31-May-18 7:47:02 AM,2,"Button Change: EJECT is to OFF",258,0,,,,,,,,
67,31-May-18 7:47:04 AM,2,"Button Change: TEST is to OFF",259,0,,,,,,,,
68,31-May-18 7:47:04 AM,2,"Button Change: EJECT is to ON",258,1,,,,,,,,
69,31-May-18 7:47:19 AM,1,"Work Data Change: Crimp Height 1 is from 0.97 to 1.10",1026,0.97,1.10,,,,,,,
70,31-May-18 7:47:35 AM,1,"Work Data Change: Crimp Height 2 is from 0.73 to 0.76",1282,0.73,0.76,,,,,,,
71,31-May-18 7:47:36 AM,2,"Button Change: TEST is to ON",259,1,,,,,,,,
72,31-May-18 7:47:36 AM,2,"Button Change: EJECT is to OFF",258,0,,,,,,,,
73,31-May-18 7:47:39 AM,1,"Work Data Change: Crimp Position 1 is from 10.4 to 10.2",1025,10.4,10.2,,,,,,,
74,31-May-18 7:47:45 AM,1,"Work Data Change: Strip Length 1 is from 3.7 to 3.4",513,3.7,3.4,,,,,,,
75,31-May-18 7:47:49 AM,1,"Work Data Change: Crimp Position 1 is from 10.2 to 10.3",1025,10.2,10.3,,,,,,,
76,31-May-18 7:47:54 AM,2,"Button Change: TEST is to OFF",259,0,,,,,,,,
77,31-May-18 7:47:54 AM,2,"Button Change: EJECT is to ON",258,1,,,,,,,,
78,31-May-18 7:48:03 AM,1,"Work Data Change: Strip Length 1 is from 3.4 to 3.7",513,3.4,3.7,,,,,,,
79,31-May-18 7:48:07 AM,1,"Work Data Change: Crimp Position 1 is from 10.3 to 10.2",1025,10.3,10.2,,,,,,,
80,31-May-18 7:48:14 AM,1,"Work Data Change: Crimp Height 1 is from 1.10 to 1.11",1026,1.10,1.11,,,,,,,
81,31-May-18 7:48:25 AM,1,"Work Data Change: Crimp Height 2 is from 0.76 to 0.77",1282,0.76,0.77,,,,,,,
82,31-May-18 7:48:27 AM,2,"Button Change: TEST is to ON",259,1,,,,,,,,
83,31-May-18 7:48:27 AM,2,"Button Change: EJECT is to OFF",258,0,,,,,,,,
84,31-May-18 7:48:29 AM,2,"Button Change: SAMPLE is to ON",261,1,,,,,,,,
85,31-May-18 7:48:29 AM,2,"Button Change: TEST is to OFF",259,0,,,,,,,,
86,31-May-18 7:48:40 AM,1,"Work Data Change: Strip Length 1 is from 3.7 to 3.8",513,3.7,3.8,,,,,,,
87,31-May-18 7:49:28 AM,2,"Button Change: NORMAL is to ON",257,1,,,,,,,,
88,31-May-18 7:49:28 AM,2,"Button Change: SAMPLE is to OFF",261,0,,,,,,,,
89,31-May-18 7:49:31 AM,2,"Button Change: CFM Teaching status is to OFF",1806,0,,,,,,,,
90,31-May-18 7:49:33 AM,3,"Error Message: Defect detection: Side1 miss-crimp (CFM) is Occurred",81,1,,,,,,,,
91,31-May-18 7:49:38 AM,3,"Error Message: Defect detection: Side1 miss-crimp (CFM) is Cancel",81,0,,,,,,,,
92,31-May-18 7:49:41 AM,1,"Work Data Change: Crimp Position 1 is from 10.2 to 10.0",1025,10.2,10.0,,,,,,,
93,31-May-18 7:50:01 AM,3,"Error Message: Stop before the waster eject is Occurred",70,1,,,,,,,,
94,31-May-18 7:50:02 AM,3,"Error Message: Stop before the waster eject is Cancel",70,0,,,,,,,,
95,31-May-18 7:50:14 AM,2,"Button Change: NORMAL is to OFF",257,0,,,,,,,,
96,31-May-18 7:50:14 AM,2,"Button Change: EJECT is to ON",258,1,,,,,,,,
97,31-May-18 7:50:24 AM,2,"Button Change: Count down is to ON",2311,1,,,,,,,,
98,31-May-18 7:50:24 AM,2,"Button Change: Count down is to OFF",2311,0,,,,,,,,
99,31-May-18 7:50:25 AM,2,"Button Change: Count down is to ON",2311,1,,,,,,,,
100,31-May-18 7:50:25 AM,2,"Button Change: Count down is to OFF",2311,0,,,,,,,,
101,31-May-18 7:50:26 AM,2,"Button Change: Count down is to ON",2311,1,,,,,,,,
102,31-May-18 7:50:26 AM,2,"Button Change: Count down is to OFF",2311,0,,,,,,,,
103,31-May-18 7:50:27 AM,2,"Button Change: Count down is to ON",2311,1,,,,,,,,
104,31-May-18 7:50:28 AM,2,"Button Change: Count down is to OFF",2311,0,,,,,,,,
105,31-May-18 7:50:33 AM,1,"Work Data Change: Strip Length 1 is from 3.8 to 3.6",513,3.8,3.6,,,,,,,
106,31-May-18 7:50:37 AM,1,"Work Data Change: Strip Length 1 is from 3.6 to 3.5",513,3.6,3.5,,,,,,,
107,31-May-18 7:50:38 AM,2,"Button Change: SAMPLE is to ON",261,1,,,,,,,,
108,31-May-18 7:50:38 AM,2,"Button Change: EJECT is to OFF",258,0,,,,,,,,
109,31-May-18 7:50:47 AM,2,"Button Change: NORMAL is to ON",257,1,,,,,,,,
110,31-May-18 7:50:47 AM,2,"Button Change: SAMPLE is to OFF",261,0,,,,,,,,
111,31-May-18 7:53:47 AM,3,"Error Message: Defect detection: Side1 miss-crimp (CFM) is Occurred",81,1,,,,,,,,
112,31-May-18 7:53:51 AM,3,"Error Message: Defect detection: Side1 miss-crimp (CFM) is Cancel",81,0,,,,,,,,
113,31-May-18 7:53:53 AM,3,"Error Message: Stop before the waster eject is Occurred",70,1,,,,,,,,
114,31-May-18 7:53:54 AM,3,"Error Message: Stop before the waster eject is Cancel",70,0,,,,,,,,
115,31-May-18 7:57:34 AM,3,"Error Message: Defect detection: Side1 miss-crimp (CFM) is Occurred",81,1,,,,,,,,
116,31-May-18 7:57:34 AM,3,"Error Message: Defect detection: Side1 miss-crimp (CFM) is Cancel",81,0,,,,,,,,
117,31-May-18 7:57:36 AM,3,"Error Message: Stop before the waster eject is Occurred",70,1,,,,,,,,
118,31-May-18 7:57:36 AM,3,"Error Message: Defect detection: Side1 miss-crimp (CFM) is Occurred",81,1,,,,,,,,
119,31-May-18 7:57:38 AM,3,"Error Message: Stop before the waster eject is Cancel",70,0,,,,,,,,
120,31-May-18 7:57:38 AM,3,"Error Message: Defect detection: Side1 miss-crimp (CFM) is Cancel",81,0,,,,,,,,
121,31-May-18 7:57:40 AM,3,"Error Message: Stop before the waster eject is Occurred",70,1,,,,,,,,
122,31-May-18 7:57:40 AM,3,"Error Message: Defect detection: Side1 miss-crimp (CFM) is Occurred",81,1,,,,,,,,
123,31-May-18 7:57:41 AM,3,"Error Message: Stop before the waster eject is Cancel",70,0,,,,,,,,
124,31-May-18 7:57:41 AM,3,"Error Message: Defect detection: Side1 miss-crimp (CFM) is Cancel",81,0,,,,,,,,
125,31-May-18 7:57:49 AM,3,"Error Message: Stop before the waster eject is Occurred",70,1,,,,,,,,
126,31-May-18 7:57:49 AM,3,"Error Message: Defect detection: Side1 miss-crimp (CFM) is Occurred",81,1,,,,,,,,
127,31-May-18 7:57:50 AM,3,"Error Message: Stop before the waster eject is Cancel",70,0,,,,,,,,
128,31-May-18 7:57:50 AM,3,"Error Message: Defect detection: Side1 miss-crimp (CFM) is Cancel",81,0,,,,,,,,
129,31-May-18 7:57:55 AM,2,"Button Change: CFM Teaching status is to ON",1806,1,,,,,,,,
130,31-May-18 7:57:57 AM,3,"Error Message: Stop before the waster eject is Occurred",70,1,,,,,,,,
131,31-May-18 7:57:58 AM,3,"Error Message: Stop before the waster eject is Cancel",70,0,,,,,,,,
132,31-May-18 7:58:16 AM,2,"Button Change: CFM Teaching status is to OFF",1806,0,,,,,,,,
133,31-May-18 8:04:45 AM,10,"Bank Load: Bank change into 762",762,,,,,,,,,
134,31-May-18 8:04:45 AM,2,"Button Change: Crimp 1 Switch is to OFF",1281,0,,,,,,,,
135,31-May-18 8:04:45 AM,2,"Button Change: Crimp 2 Switch is to OFF",1282,0,,,,,,,,
136,31-May-18 8:04:45 AM,2,"Button Change: Detection status of crimp error 1 is to OFF",2575,0,,,,,,,,
137,31-May-18 8:04:45 AM,2,"Button Change: Detection status of no terminal 1 is to OFF",2577,0,,,,,,,,
138,31-May-18 8:04:45 AM,2,"Button Change: Detection status of terminal overload 1 is to OFF",2579,0,,,,,,,,
139,31-May-18 8:04:45 AM,2,"Button Change: Detection status of crimp error 2 is to OFF",2576,0,,,,,,,,
140,31-May-18 8:04:45 AM,2,"Button Change: Detection status of no terminal 2 is to OFF",2578,0,,,,,,,,
141,31-May-18 8:04:45 AM,2,"Button Change: Detection status of terminal overload 2 is to OFF",2580,0,,,,,,,,
142,31-May-18 8:05:37 AM,2,"Button Change: Crimp 1 Switch is to ON",1281,1,,,,,,,,
143,31-May-18 8:05:37 AM,2,"Button Change: Detection status of crimp error 1 is to ON",2575,1,,,,,,,,
144,31-May-18 8:05:37 AM,2,"Button Change: Detection status of no terminal 1 is to ON",2577,1,,,,,,,,
145,31-May-18 8:05:37 AM,2,"Button Change: Detection status of terminal overload 1 is to ON",2579,1,,,,,,,,
146,31-May-18 8:05:39 AM,2,"Button Change: Crimp 2 Switch is to ON",1282,1,,,,,,,,
147,31-May-18 8:05:39 AM,2,"Button Change: Detection status of crimp error 2 is to ON",2576,1,,,,,,,,
148,31-May-18 8:05:39 AM,2,"Button Change: Detection status of no terminal 2 is to ON",2578,1,,,,,,,,
149,31-May-18 8:05:39 AM,2,"Button Change: Detection status of terminal overload 2 is to ON",2580,1,,,,,,,,
150,31-May-18 8:05:39 AM,2,"Button Change: NORMAL is to OFF",257,0,,,,,,,,
151,31-May-18 8:05:39 AM,2,"Button Change: TEST is to ON",259,1,,,,,,,,
152,31-May-18 8:05:42 AM,2,"Button Change: SAMPLE is to ON",261,1,,,,,,,,
153,31-May-18 8:05:42 AM,2,"Button Change: TEST is to OFF",259,0,,,,,,,,
154,31-May-18 8:06:13 AM,2,"Button Change: SAMPLE is to OFF",261,0,,,,,,,,
155,31-May-18 8:06:13 AM,2,"Button Change: EJECT is to ON",258,1,,,,,,,,
156,31-May-18 8:06:13 AM,2,"Button Change: NORMAL is to ON",257,1,,,,,,,,
157,31-May-18 8:06:13 AM,2,"Button Change: EJECT is to OFF",258,0,,,,,,,,
158,31-May-18 8:06:58 AM,2,"Button Change: Auto reset is to OFF",1546,0,,,,,,,,
159,31-May-18 8:08:44 AM,1,"Work Data Change: Wire Feed Speed 1 is from 8.0 to 10.0",2564,8.0,10.0,,,,,,,
160,31-May-18 8:08:47 AM,2,"Button Change: Auto reset is to ON",1546,1,,,,,,,,
161,31-May-18 8:24:17 AM,10,"Bank Load: Bank change into 762",762,,,,,,,,,
162,31-May-18 8:24:17 AM,2,"Button Change: Crimp 1 Switch is to OFF",1281,0,,,,,,,,
163,31-May-18 8:24:17 AM,2,"Button Change: Crimp 2 Switch is to OFF",1282,0,,,,,,,,
164,31-May-18 8:24:17 AM,2,"Button Change: Detection status of crimp error 1 is to OFF",2575,0,,,,,,,,
165,31-May-18 8:24:17 AM,2,"Button Change: Detection status of no terminal 1 is to OFF",2577,0,,,,,,,,
166,31-May-18 8:24:17 AM,2,"Button Change: Detection status of terminal overload 1 is to OFF",2579,0,,,,,,,,
167,31-May-18 8:24:17 AM,2,"Button Change: Detection status of crimp error 2 is to OFF",2576,0,,,,,,,,
168,31-May-18 8:24:17 AM,2,"Button Change: Detection status of no terminal 2 is to OFF",2578,0,,,,,,,,
169,31-May-18 8:24:17 AM,2,"Button Change: Detection status of terminal overload 2 is to OFF",2580,0,,,,,,,,
170,31-May-18 8:24:46 AM,2,"Button Change: Crimp 1 Switch is to ON",1281,1,,,,,,,,
171,31-May-18 8:24:46 AM,2,"Button Change: Detection status of crimp error 1 is to ON",2575,1,,,,,,,,
172,31-May-18 8:24:46 AM,2,"Button Change: Detection status of no terminal 1 is to ON",2577,1,,,,,,,,
173,31-May-18 8:24:46 AM,2,"Button Change: Detection status of terminal overload 1 is to ON",2579,1,,,,,,,,
174,31-May-18 8:24:47 AM,2,"Button Change: Crimp 2 Switch is to ON",1282,1,,,,,,,,
175,31-May-18 8:24:47 AM,2,"Button Change: Detection status of crimp error 2 is to ON",2576,1,,,,,,,,
176,31-May-18 8:24:47 AM,2,"Button Change: Detection status of no terminal 2 is to ON",2578,1,,,,,,,,
177,31-May-18 8:24:47 AM,2,"Button Change: Detection status of terminal overload 2 is to ON",2580,1,,,,,,,,
178,31-May-18 8:24:47 AM,2,"Button Change: NORMAL is to OFF",257,0,,,,,,,,
179,31-May-18 8:24:47 AM,2,"Button Change: TEST is to ON",259,1,,,,,,,,
180,31-May-18 8:24:49 AM,2,"Button Change: SAMPLE is to ON",261,1,,,,,,,,
181,31-May-18 8:24:49 AM,2,"Button Change: TEST is to OFF",259,0,,,,,,,,
182,31-May-18 8:25:05 AM,2,"Button Change: NORMAL is to ON",257,1,,,,,,,,
183,31-May-18 8:25:05 AM,2,"Button Change: SAMPLE is to OFF",261,0,,,,,,,,
184,31-May-18 8:28:08 AM,3,"Error Message: Abnormal feed deflection is Occurred",32,1,,,,,,,,
185,31-May-18 8:28:18 AM,3,"Error Message: Feed roller is opened is Occurred",114,1,,,,,,,,
186,31-May-18 8:28:23 AM,3,"Error Message: Feed roller is opened is Cancel",114,0,,,,,,,,
187,31-May-18 8:28:53 AM,3,"Error Message: Abnormal feed deflection is Cancel",32,0,,,,,,,,
188,31-May-18 8:29:11 AM,3,"Error Message: Abnormal feed deflection is Occurred",32,1,,,,,,,,
189,31-May-18 8:29:27 AM,3,"Error Message: Feed roller is opened is Occurred",114,1,,,,,,,,
190,31-May-18 8:29:28 AM,3,"Error Message: Feed roller is opened is Cancel",114,0,,,,,,,,
191,31-May-18 8:29:31 AM,3,"Error Message: Feed roller is opened is Occurred",114,1,,,,,,,,
192,31-May-18 8:29:34 AM,3,"Error Message: Feed roller is opened is Cancel",114,0,,,,,,,,
193,31-May-18 8:29:36 AM,3,"Error Message: Abnormal feed deflection is Cancel",32,0,,,,,,,,
194,31-May-18 8:29:39 AM,3,"Error Message: Stop before the waster eject is Occurred",70,1,,,,,,,,
195,31-May-18 8:29:39 AM,3,"Error Message: Stop before the waster eject is Cancel",70,0,,,,,,,,
196,31-May-18 8:32:03 AM,3,"Error Message: Feed roller is opened is Occurred",114,1,,,,,,,,
197,31-May-18 8:33:16 AM,3,"Error Message: Under switching selector is Occurred",35,1,,,,,,,,
198,31-May-18 8:33:32 AM,3,"Error Message: Under switching selector is Cancel",35,0,,,,,,,,
199,31-May-18 8:33:54 AM,3,"Error Message: Feed roller is opened is Cancel",114,0,,,,,,,,
200,31-May-18 8:34:38 AM,10,"Bank Load: Bank change into 626",626,,,,,,,,,
201,31-May-18 8:34:38 AM,1,"Work Data Change: Wire Length Correction 1 is from 0.0 to 0.3",2561,0.0,0.3,,,,,,,
202,31-May-18 8:34:38 AM,1,"Work Data Change: Wire Feed Speed 2 is from 10.0 to 8.0",2565,10.0,8.0,,,,,,,
203,31-May-18 8:34:38 AM,1,"Work Data Change: Wire Length Correction 2 is from 0.3 to 0.0",2562,0.3,0.0,,,,,,,
204,31-May-18 8:34:38 AM,1,"Work Data Change: Wire Feed Speed 3 is from 10.0 to 8.0",2566,10.0,8.0,,,,,,,
205,31-May-18 8:34:38 AM,2,"Button Change: Crimp 1 Switch is to OFF",1281,0,,,,,,,,
206,31-May-18 8:34:38 AM,2,"Button Change: Crimp 2 Switch is to OFF",1282,0,,,,,,,,
207,31-May-18 8:34:38 AM,2,"Button Change: Detection status of crimp error 1 is to OFF",2575,0,,,,,,,,
208,31-May-18 8:34:38 AM,2,"Button Change: Detection status of no terminal 1 is to OFF",2577,0,,,,,,,,
209,31-May-18 8:34:38 AM,2,"Button Change: Detection status of terminal overload 1 is to OFF",2579,0,,,,,,,,
210,31-May-18 8:34:38 AM,1,"Work Data Change: Wire Length is from 300 to 235",257,300,235,,,,,,,
211,31-May-18 8:34:38 AM,2,"Button Change: Detection status of crimp error 2 is to OFF",2576,0,,,,,,,,
212,31-May-18 8:34:38 AM,2,"Button Change: Detection status of no terminal 2 is to OFF",2578,0,,,,,,,,
213,31-May-18 8:34:38 AM,2,"Button Change: Detection status of terminal overload 2 is to OFF",2580,0,,,,,,,,
214,31-May-18 8:34:38 AM,1,"Work Data Change: Crimp Position 1 is from 10.0 to 10.4",1025,10.0,10.4,,,,,,,
215,31-May-18 8:34:38 AM,1,"Work Data Change: Strip Length 2 is from 3.2 to 3.3",769,3.2,3.3,,,,,,,
216,31-May-18 8:34:38 AM,1,"Work Data Change: Crimp Height 1 is from 1.11 to 1.06",1026,1.11,1.06,,,,,,,
217,31-May-18 8:34:38 AM,1,"Work Data Change: Wire Feed Speed 1 is from 10.0 to 8.0",2564,10.0,8.0,,,,,,,
218,31-May-18 8:34:38 AM,1,"Work Data Change: Crimp Height 2 is from 0.77 to 0.73",1282,0.77,0.73,,,,,,,
219,31-May-18 8:34:38 AM,1,"Work Data Change: Wire Feed Acceleration Time 1 is from 280 to 200",2567,280,200,,,,,,,
220,31-May-18 8:34:38 AM,1,"Work Data Change: Wire Length Correction 1 is from 0.3 to 0.0",2561,0.3,0.0,,,,,,,
221,31-May-18 8:35:45 AM,2,"Button Change: Crimp 1 Switch is to ON",1281,1,,,,,,,,
222,31-May-18 8:35:45 AM,2,"Button Change: Detection status of crimp error 1 is to ON",2575,1,,,,,,,,
223,31-May-18 8:35:45 AM,2,"Button Change: Detection status of no terminal 1 is to ON",2577,1,,,,,,,,
224,31-May-18 8:35:45 AM,2,"Button Change: Detection status of terminal overload 1 is to ON",2579,1,,,,,,,,
225,31-May-18 8:35:45 AM,2,"Button Change: Crimp 2 Switch is to ON",1282,1,,,,,,,,
226,31-May-18 8:35:45 AM,2,"Button Change: Detection status of crimp error 2 is to ON",2576,1,,,,,,,,
227,31-May-18 8:35:45 AM,2,"Button Change: Detection status of no terminal 2 is to ON",2578,1,,,,,,,,
228,31-May-18 8:35:45 AM,2,"Button Change: Detection status of terminal overload 2 is to ON",2580,1,,,,,,,,
229,31-May-18 8:35:51 AM,1,"Work Data Change: Crimp Position 1 is from 10.4 to 10.0",1025,10.4,10.0,,,,,,,
230,31-May-18 8:35:57 AM,1,"Work Data Change: Strip Length 2 is from 3.3 to 3.2",769,3.3,3.2,,,,,,,
231,31-May-18 8:35:59 AM,2,"Button Change: NORMAL is to OFF",257,0,,,,,,,,
232,31-May-18 8:35:59 AM,2,"Button Change: TEST is to ON",259,1,,,,,,,,
233,31-May-18 8:36:04 AM,2,"Button Change: CFM Teaching status is to ON",1806,1,,,,,,,,
234,31-May-18 8:36:07 AM,3,"Error Message: Abnormal feed deflection is Occurred",32,1,,,,,,,,
235,31-May-18 8:36:07 AM,3,"Error Message: Stop before the waster eject is Occurred",70,1,,,,,,,,
236,31-May-18 8:36:07 AM,2,"Button Change: TEST is to OFF",259,0,,,,,,,,
237,31-May-18 8:36:07 AM,2,"Button Change: EJECT is to ON",258,1,,,,,,,,
238,31-May-18 8:36:08 AM,3,"Error Message: Stop before the waster eject is Cancel",70,0,,,,,,,,
239,31-May-18 8:36:08 AM,3,"Error Message: Abnormal feed deflection is Cancel",32,0,,,,,,,,
240,31-May-18 8:36:09 AM,3,"Error Message: Abnormal feed deflection is Occurred",32,1,,,,,,,,
241,31-May-18 8:36:16 AM,3,"Error Message: Feed roller is opened is Occurred",114,1,,,,,,,,
242,31-May-18 8:36:25 AM,3,"Error Message: Feed roller is opened is Cancel",114,0,,,,,,,,
243,31-May-18 8:36:27 AM,3,"Error Message: Abnormal feed deflection is Cancel",32,0,,,,,,,,
244,31-May-18 8:36:31 AM,2,"Button Change: TEST is to ON",259,1,,,,,,,,
245,31-May-18 8:36:31 AM,2,"Button Change: EJECT is to OFF",258,0,,,,,,,,
246,31-May-18 8:36:32 AM,3,"Error Message: Stop before the waster eject is Occurred",70,1,,,,,,,,
247,31-May-18 8:36:33 AM,2,"Button Change: TEST is to OFF",259,0,,,,,,,,
248,31-May-18 8:36:33 AM,2,"Button Change: EJECT is to ON",258,1,,,,,,,,
249,31-May-18 8:36:33 AM,3,"Error Message: Stop before the waster eject is Cancel",70,0,,,,,,,,
250,31-May-18 8:36:46 AM,1,"Work Data Change: Crimp Height 1 is from 1.06 to 1.10",1026,1.06,1.10,,,,,,,
251,31-May-18 8:37:03 AM,1,"Work Data Change: Crimp Height 2 is from 0.73 to 0.77",1282,0.73,0.77,,,,,,,
252,31-May-18 8:37:06 AM,2,"Button Change: TEST is to ON",259,1,,,,,,,,
253,31-May-18 8:37:06 AM,2,"Button Change: EJECT is to OFF",258,0,,,,,,,,
254,31-May-18 8:37:07 AM,2,"Button Change: TEST is to OFF",259,0,,,,,,,,
255,31-May-18 8:37:07 AM,2,"Button Change: EJECT is to ON",258,1,,,,,,,,
256,31-May-18 8:37:22 AM,1,"Work Data Change: Crimp Height 1 is from 1.10 to 1.11",1026,1.10,1.11,,,,,,,
257,31-May-18 8:37:30 AM,1,"Work Data Change: Crimp Height 2 is from 0.77 to 0.78",1282,0.77,0.78,,,,,,,
258,31-May-18 8:37:38 AM,2,"Button Change: SAMPLE is to ON",261,1,,,,,,,,
259,31-May-18 8:37:38 AM,2,"Button Change: EJECT is to OFF",258,0,,,,,,,,
260,31-May-18 8:37:40 AM,3,"Error Message: Defect detection: Side1 miss-crimp (CFM) is Occurred",81,1,,,,,,,,
261,31-May-18 8:37:41 AM,3,"Error Message: Defect detection: Side1 miss-crimp (CFM) is Cancel",81,0,,,,,,,,
262,31-May-18 8:37:43 AM,3,"Error Message: Stop before the waster eject is Occurred",70,1,,,,,,,,
263,31-May-18 8:37:44 AM,3,"Error Message: Stop before the waster eject is Cancel",70,0,,,,,,,,
264,31-May-18 8:38:18 AM,2,"Button Change: NORMAL is to ON",257,1,,,,,,,,
265,31-May-18 8:38:18 AM,2,"Button Change: SAMPLE is to OFF",261,0,,,,,,,,
266,31-May-18 8:40:37 AM,10,"Bank Load: Bank change into 133",133,,,,,,,,,
267,31-May-18 8:40:37 AM,1,"Work Data Change: Wire Feed Speed 1 is from 8.0 to 3.0",2564,8.0,3.0,,,,,,,
268,31-May-18 8:40:37 AM,1,"Work Data Change: Wire Feed Acceleration Time 1 is from 200 to 280",2567,200,280,,,,,,,
269,31-May-18 8:40:37 AM,1,"Work Data Change: Wire Feed Speed 2 is from 8.0 to 3.0",2565,8.0,3.0,,,,,,,
270,31-May-18 8:40:37 AM,1,"Work Data Change: Wire Length Correction 2 is from 0.0 to 0.3",2562,0.0,0.3,,,,,,,
271,31-May-18 8:40:37 AM,1,"Work Data Change: Wire Feed Acceleration Time 3 is from 280 to 200",2569,280,200,,,,,,,
272,31-May-18 8:40:37 AM,1,"Work Data Change: Wire Length Correction 3 is from 0.5 to 0.0",2563,0.5,0.0,,,,,,,
273,31-May-18 8:40:37 AM,2,"Button Change: Crimp 1 Switch is to OFF",1281,0,,,,,,,,
274,31-May-18 8:40:37 AM,2,"Button Change: Crimp 1 is to OFF",770,0,,,,,,,,
275,31-May-18 8:40:37 AM,2,"Button Change: Crimp 2 Switch is to OFF",1282,0,,,,,,,,
276,31-May-18 8:40:37 AM,2,"Button Change: Detection status of crimp error 1 is to OFF",2575,0,,,,,,,,
277,31-May-18 8:40:37 AM,2,"Button Change: Detection status of no terminal 1 is to OFF",2577,0,,,,,,,,
278,31-May-18 8:40:37 AM,2,"Button Change: Detection status of terminal overload 1 is to OFF",2579,0,,,,,,,,
279,31-May-18 8:40:37 AM,2,"Button Change: Detection status of crimp error 2 is to OFF",2576,0,,,,,,,,
280,31-May-18 8:40:37 AM,2,"Button Change: Detection status of no terminal 2 is to OFF",2578,0,,,,,,,,
281,31-May-18 8:40:37 AM,2,"Button Change: Detection status of terminal overload 2 is to OFF",2580,0,,,,,,,,
282,31-May-18 8:40:37 AM,2,"Button Change: Side 2 Back recramp is to ON",1547,1,,,,,,,,
283,31-May-18 8:40:37 AM,1,"Work Data Change: Wire Length is from 235 to 1845",257,235,1845,,,,,,,
284,31-May-18 8:40:37 AM,1,"Work Data Change: Strip Length 1 is from 3.5 to 3.9",513,3.5,3.9,,,,,,,
285,31-May-18 8:40:37 AM,1,"Work Data Change: Strip Length 2 is from 3.2 to 3.1",769,3.2,3.1,,,,,,,
286,31-May-18 8:40:37 AM,1,"Work Data Change: Crimp Height 1 is from 1.11 to 1.50",1026,1.11,1.50,,,,,,,
287,31-May-18 8:40:37 AM,1,"Work Data Change: CFM Program No. 1 is from 2 to 1",1029,2,1,,,,,,,
288,31-May-18 8:40:37 AM,1,"Work Data Change: Crimp Height 2 is from 0.78 to 0.75",1282,0.78,0.75,,,,,,,
289,31-May-18 8:40:37 AM,1,"Work Data Change: Crimp Position 2 is from 10.0 to 10.1",1281,10.0,10.1,,,,,,,
290,31-May-18 8:40:37 AM,1,"Work Data Change: CFM Program No. 2 is from 2 to 1",1285,2,1,,,,,,,
291,31-May-18 8:40:37 AM,1,"Work Data Change: Wire Feed Acceleration Time 3 is from 200 to 280",2569,200,280,,,,,,,
292,31-May-18 8:40:37 AM,1,"Work Data Change: Wire Length Correction 3 is from 0.0 to 0.3",2563,0.0,0.3,,,,,,,
293,31-May-18 8:41:52 AM,1,"Work Data Change: Strip Length 1 is from 3.9 to 3.6",513,3.9,3.6,,,,,,,
294,31-May-18 8:41:55 AM,1,"Work Data Change: Crimp Position 2 is from 10.1 to 10.0",1281,10.1,10.0,,,,,,,
295,31-May-18 8:41:59 AM,1,"Work Data Change: Strip Length 2 is from 3.1 to 3.2",769,3.1,3.2,,,,,,,
296,31-May-18 8:42:01 AM,2,"Button Change: Crimp 2 Switch is to ON",1282,1,,,,,,,,
297,31-May-18 8:42:01 AM,2,"Button Change: Detection status of crimp error 2 is to ON",2576,1,,,,,,,,
298,31-May-18 8:42:01 AM,2,"Button Change: Detection status of no terminal 2 is to ON",2578,1,,,,,,,,
299,31-May-18 8:42:01 AM,2,"Button Change: Detection status of terminal overload 2 is to ON",2580,1,,,,,,,,
300,31-May-18 8:42:05 AM,2,"Button Change: NORMAL is to OFF",257,0,,,,,,,,
301,31-May-18 8:42:05 AM,2,"Button Change: TEST is to ON",259,1,,,,,,,,
302,31-May-18 8:42:07 AM,2,"Button Change: TEST is to OFF",259,0,,,,,,,,
303,31-May-18 8:42:07 AM,2,"Button Change: EJECT is to ON",258,1,,,,,,,,
304,31-May-18 8:42:08 AM,3,"Error Message: Stop before the waster eject is Occurred",70,1,,,,,,,,
305,31-May-18 8:42:08 AM,3,"Error Message: Defect detection: Side2 miss-crimp (CFM) is Occurred",82,1,,,,,,,,
306,31-May-18 8:42:09 AM,3,"Error Message: Stop before the waster eject is Cancel",70,0,,,,,,,,
307,31-May-18 8:42:09 AM,3,"Error Message: Defect detection: Side2 miss-crimp (CFM) is Cancel",82,0,,,,,,,,
308,31-May-18 8:42:14 AM,2,"Button Change: CFM Teaching status is to OFF",1806,0,,,,,,,,
309,31-May-18 8:42:14 AM,2,"Button Change: CFM Teaching status is to ON",1806,1,,,,,,,,
310,31-May-18 8:42:16 AM,2,"Button Change: TEST is to ON",259,1,,,,,,,,
311,31-May-18 8:42:16 AM,2,"Button Change: EJECT is to OFF",258,0,,,,,,,,
312,31-May-18 8:42:18 AM,2,"Button Change: TEST is to OFF",259,0,,,,,,,,
313,31-May-18 8:42:18 AM,2,"Button Change: EJECT is to ON",258,1,,,,,,,,
314,31-May-18 8:42:59 AM,1,"Work Data Change: Crimp Height 2 is from 0.75 to 0.77",1282,0.75,0.77,,,,,,,
315,31-May-18 8:43:03 AM,1,"Work Data Change: Strip Length 1 is from 3.6 to 3.9",513,3.6,3.9,,,,,,,
316,31-May-18 8:43:22 AM,2,"Button Change: SAMPLE is to ON",261,1,,,,,,,,
317,31-May-18 8:43:22 AM,2,"Button Change: EJECT is to OFF",258,0,,,,,,,,
318,31-May-18 8:43:41 AM,1,"Work Data Change: Strip Length 1 is from 3.9 to 3.6",513,3.9,3.6,,,,,,,
319,31-May-18 8:43:44 AM,1,"Work Data Change: Strip Length 1 is from 3.6 to 3.7",513,3.6,3.7,,,,,,,
320,31-May-18 8:43:58 AM,2,"Button Change: NORMAL is to ON",257,1,,,,,,,,
321,31-May-18 8:43:58 AM,2,"Button Change: SAMPLE is to OFF",261,0,,,,,,,,
322,31-May-18 8:44:23 AM,2,"Button Change: CFM Teaching status is to OFF",1806,0,,,,,,,,
323,31-May-18 8:45:11 AM,3,"Error Message: Feed roller is opened is Occurred",114,1,,,,,,,,
324,31-May-18 8:46:30 AM,3,"Error Message: Under switching selector is Occurred",35,1,,,,,,,,
325,31-May-18 8:46:52 AM,3,"Error Message: Under switching selector is Cancel",35,0,,,,,,,,
326,31-May-18 8:47:09 AM,3,"Error Message: Feed roller is opened is Cancel",114,0,,,,,,,,
327,31-May-18 8:47:33 AM,10,"Bank Load: Bank change into 201",201,,,,,,,,,
328,31-May-18 8:47:33 AM,2,"Button Change: Crimp 2 Switch is to OFF",1282,0,,,,,,,,
329,31-May-18 8:47:33 AM,1,"Work Data Change: Wire Length is from 1845 to 1855",257,1845,1855,,,,,,,
330,31-May-18 8:47:33 AM,1,"Work Data Change: Strip Length 1 is from 3.7 to 3.9",513,3.7,3.9,,,,,,,
331,31-May-18 8:47:33 AM,2,"Button Change: Detection status of crimp error 2 is to OFF",2576,0,,,,,,,,
332,31-May-18 8:47:33 AM,2,"Button Change: Detection status of no terminal 2 is to OFF",2578,0,,,,,,,,
333,31-May-18 8:47:33 AM,2,"Button Change: Detection status of terminal overload 2 is to OFF",2580,0,,,,,,,,
334,31-May-18 8:47:33 AM,1,"Work Data Change: Strip Length 2 is from 3.2 to 3.1",769,3.2,3.1,,,,,,,
335,31-May-18 8:47:33 AM,1,"Work Data Change: Crimp Position 2 is from 10.0 to 10.2",1281,10.0,10.2,,,,,,,
336,31-May-18 8:47:33 AM,1,"Work Data Change: Crimp Height 2 is from 0.77 to 0.75",1282,0.77,0.75,,,,,,,
337,31-May-18 8:48:20 AM,2,"Button Change: Crimp 2 Switch is to ON",1282,1,,,,,,,,
338,31-May-18 8:48:21 AM,2,"Button Change: Detection status of crimp error 2 is to ON",2576,1,,,,,,,,
339,31-May-18 8:48:21 AM,2,"Button Change: Detection status of no terminal 2 is to ON",2578,1,,,,,,,,
340,31-May-18 8:48:21 AM,2,"Button Change: Detection status of terminal overload 2 is to ON",2580,1,,,,,,,,
341,31-May-18 8:48:23 AM,1,"Work Data Change: Crimp Position 2 is from 10.2 to 10.0",1281,10.2,10.0,,,,,,,
342,31-May-18 8:48:26 AM,1,"Work Data Change: Strip Length 2 is from 3.1 to 3.2",769,3.1,3.2,,,,,,,
343,31-May-18 8:48:29 AM,2,"Button Change: NORMAL is to OFF",257,0,,,,,,,,
344,31-May-18 8:48:29 AM,2,"Button Change: TEST is to ON",259,1,,,,,,,,
345,31-May-18 8:48:33 AM,1,"Work Data Change: Strip Length 1 is from 3.9 to 3.7",513,3.9,3.7,,,,,,,
346,31-May-18 8:48:37 AM,3,"Error Message: Defect detection: Side1 miss-strip is Occurred",41,1,,,,,,,,
347,31-May-18 8:48:37 AM,3,"Error Message: Stop before the waster eject is Occurred",70,1,,,,,,,,
348,31-May-18 8:48:38 AM,3,"Error Message: Defect detection: Side1 miss-strip is Cancel",41,0,,,,,,,,
349,31-May-18 8:48:38 AM,3,"Error Message: Stop before the waster eject is Cancel",70,0,,,,,,,,
350,31-May-18 8:48:43 AM,3,"Error Message: Stop before the waster eject is Occurred",70,1,,,,,,,,
351,31-May-18 8:48:44 AM,3,"Error Message: Stop before the waster eject is Cancel",70,0,,,,,,,,
352,31-May-18 8:48:47 AM,2,"Button Change: SAMPLE is to ON",261,1,,,,,,,,
353,31-May-18 8:48:47 AM,2,"Button Change: TEST is to OFF",259,0,,,,,,,,
354,31-May-18 8:49:07 AM,1,"Work Data Change: Strip Length 1 is from 3.7 to 3.6",513,3.7,3.6,,,,,,,
355,31-May-18 8:49:29 AM,1,"Work Data Change: Crimp Height 2 is from 0.75 to 0.78",1282,0.75,0.78,,,,,,,
356,31-May-18 8:49:32 AM,2,"Button Change: NORMAL is to ON",257,1,,,,,,,,
357,31-May-18 8:49:32 AM,2,"Button Change: SAMPLE is to OFF",261,0,,,,,,,,
358,31-May-18 8:52:32 AM,3,"Error Message: Feed roller is opened is Occurred",114,1,,,,,,,,
359,31-May-18 8:53:04 AM,3,"Error Message: Under switching selector is Occurred",35,1,,,,,,,,
360,31-May-18 8:53:35 AM,3,"Error Message: Under switching selector is Cancel",35,0,,,,,,,,
361,31-May-18 8:54:21 AM,3,"Error Message: Feed roller is opened is Cancel",114,0,,,,,,,,
362,31-May-18 8:55:19 AM,10,"Bank Load: Bank change into 49",49,,,,,,,,,
363,31-May-18 8:55:20 AM,1,"Work Data Change: Wire Feed Speed 1 is from 3.0 to 4.0",2564,3.0,4.0,,,,,,,
364,31-May-18 8:55:20 AM,1,"Work Data Change: Wire Feed Speed 2 is from 3.0 to 4.0",2565,3.0,4.0,,,,,,,
365,31-May-18 8:55:20 AM,1,"Work Data Change: Wire Length Correction 2 is from 0.3 to 0.0",2562,0.3,0.0,,,,,,,
366,31-May-18 8:55:20 AM,2,"Button Change: Crimp 2 Switch is to OFF",1282,0,,,,,,,,
367,31-May-18 8:55:20 AM,1,"Work Data Change: Wire Length is from 1855 to 2085",257,1855,2085,,,,,,,
368,31-May-18 8:55:20 AM,2,"Button Change: Detection status of crimp error 2 is to OFF",2576,0,,,,,,,,
369,31-May-18 8:55:20 AM,2,"Button Change: Detection status of no terminal 2 is to OFF",2578,0,,,,,,,,
370,31-May-18 8:55:20 AM,2,"Button Change: Detection status of terminal overload 2 is to OFF",2580,0,,,,,,,,
371,31-May-18 8:55:20 AM,1,"Work Data Change: Strip Depth (Open length) is from 0.25 to 0.35",515,0.25,0.35,,,,,,,
372,31-May-18 8:55:20 AM,1,"Work Data Change: Strip Length 1 is from 3.6 to 6.6",513,3.6,6.6,,,,,,,
373,31-May-18 8:55:20 AM,1,"Work Data Change: Semi-Strip Length 2 is from 0.0 to 3.1",770,0.0,3.1,,,,,,,
374,31-May-18 8:55:20 AM,1,"Work Data Change: CFM Program No. 1 is from 1 to 2",1029,1,2,,,,,,,
375,31-May-18 8:55:20 AM,1,"Work Data Change: Crimp Height 2 is from 0.78 to 0.84",1282,0.78,0.84,,,,,,,
376,31-May-18 8:55:20 AM,1,"Work Data Change: CFM Program No. 2 is from 1 to 2",1285,1,2,,,,,,,
377,31-May-18 8:55:20 AM,1,"Work Data Change: Wire Feed Speed 3 is from 8.0 to 5.0",2566,8.0,5.0,,,,,,,
378,31-May-18 8:56:16 AM,2,"Button Change: Crimp 2 Switch is to ON",1282,1,,,,,,,,
379,31-May-18 8:56:16 AM,2,"Button Change: Detection status of crimp error 2 is to ON",2576,1,,,,,,,,
380,31-May-18 8:56:16 AM,2,"Button Change: Detection status of no terminal 2 is to ON",2578,1,,,,,,,,
381,31-May-18 8:56:16 AM,2,"Button Change: Detection status of terminal overload 2 is to ON",2580,1,,,,,,,,
382,31-May-18 8:56:18 AM,2,"Button Change: NORMAL is to OFF",257,0,,,,,,,,
383,31-May-18 8:56:18 AM,2,"Button Change: TEST is to ON",259,1,,,,,,,,
384,31-May-18 8:56:19 AM,2,"Button Change: Strip teaching status 1 is to ON",2053,1,,,,,,,,
385,31-May-18 8:56:19 AM,2,"Button Change: Strip teaching status 2 is to ON",2055,1,,,,,,,,
386,31-May-18 8:56:27 AM,2,"Button Change: Strip teaching status 2 is to OFF",2055,0,,,,,,,,
387,31-May-18 8:56:27 AM,3,"Error Message: Eject the teaching wire. is Occurred",80,1,,,,,,,,
388,31-May-18 8:56:27 AM,2,"Button Change: Strip teaching status 1 is to OFF",2053,0,,,,,,,,
389,31-May-18 8:56:28 AM,3,"Error Message: Eject the teaching wire. is Cancel",80,0,,,,,,,,
390,31-May-18 8:56:30 AM,2,"Button Change: Crimp 2 Switch is to OFF",1282,0,,,,,,,,
391,31-May-18 8:56:30 AM,2,"Button Change: Detection status of crimp error 2 is to OFF",2576,0,,,,,,,,
392,31-May-18 8:56:30 AM,2,"Button Change: Detection status of no terminal 2 is to OFF",2578,0,,,,,,,,
393,31-May-18 8:56:30 AM,2,"Button Change: Detection status of terminal overload 2 is to OFF",2580,0,,,,,,,,
394,31-May-18 8:56:31 AM,2,"Button Change: Strip teaching status 1 is to ON",2053,1,,,,,,,,
395,31-May-18 8:56:31 AM,2,"Button Change: Strip teaching status 2 is to ON",2055,1,,,,,,,,
396,31-May-18 8:56:33 AM,2,"Button Change: Strip teaching status 2 is to OFF",2055,0,,,,,,,,
397,31-May-18 8:56:34 AM,3,"Error Message: Eject the teaching wire. is Occurred",80,1,,,,,,,,
398,31-May-18 8:56:34 AM,2,"Button Change: Strip teaching status 1 is to OFF",2053,0,,,,,,,,
399,31-May-18 8:56:34 AM,3,"Error Message: Eject the teaching wire. is Cancel",80,0,,,,,,,,
400,31-May-18 8:56:36 AM,3,"Error Message: Eject the teaching wire. is Occurred",80,1,,,,,,,,
401,31-May-18 8:56:36 AM,3,"Error Message: Eject the teaching wire. is Cancel",80,0,,,,,,,,
402,31-May-18 8:56:38 AM,3,"Error Message: Defect detection: Side 2 miss-strip is Occurred",56,1,,,,,,,,
403,31-May-18 8:56:38 AM,3,"Error Message: Stop before the waster eject is Occurred",70,1,,,,,,,,
404,31-May-18 8:56:38 AM,3,"Error Message: Defect detection: Side 2 miss-strip is Cancel",56,0,,,,,,,,
405,31-May-18 8:56:38 AM,3,"Error Message: Stop before the waster eject is Cancel",70,0,,,,,,,,
406,31-May-18 8:56:40 AM,3,"Error Message: Defect detection: Side 2 miss-strip is Occurred",56,1,,,,,,,,
407,31-May-18 8:56:40 AM,3,"Error Message: Stop before the waster eject is Occurred",70,1,,,,,,,,
408,31-May-18 8:56:40 AM,3,"Error Message: Defect detection: Side 2 miss-strip is Cancel",56,0,,,,,,,,
409,31-May-18 8:56:40 AM,3,"Error Message: Stop before the waster eject is Cancel",70,0,,,,,,,,
410,31-May-18 8:56:42 AM,3,"Error Message: Defect detection: Side 2 miss-strip is Occurred",56,1,,,,,,,,
411,31-May-18 8:56:42 AM,3,"Error Message: Stop before the waster eject is Occurred",70,1,,,,,,,,
412,31-May-18 8:56:45 AM,3,"Error Message: Defect detection: Side 2 miss-strip is Cancel",56,0,,,,,,,,
413,31-May-18 8:56:45 AM,3,"Error Message: Stop before the waster eject is Cancel",70,0,,,,,,,,
414,31-May-18 8:56:46 AM,2,"Button Change: Strip teaching status 2 is to ON",2055,1,,,,,,,,
415,31-May-18 8:56:47 AM,2,"Button Change: Strip teaching status 1 is to ON",2053,1,,,,,,,,
416,31-May-18 8:56:49 AM,2,"Button Change: Strip teaching status 2 is to OFF",2055,0,,,,,,,,
417,31-May-18 8:56:49 AM,3,"Error Message: Eject the teaching wire. is Occurred",80,1,,,,,,,,
418,31-May-18 8:56:50 AM,2,"Button Change: Strip teaching status 1 is to OFF",2053,0,,,,,,,,
419,31-May-18 8:56:50 AM,3,"Error Message: Eject the teaching wire. is Cancel",80,0,,,,,,,,
420,31-May-18 8:56:52 AM,3,"Error Message: Eject the teaching wire. is Occurred",80,1,,,,,,,,
421,31-May-18 8:56:52 AM,3,"Error Message: Eject the teaching wire. is Cancel",80,0,,,,,,,,
422,31-May-18 8:57:07 AM,2,"Button Change: Crimp 2 Switch is to ON",1282,1,,,,,,,,
423,31-May-18 8:57:07 AM,2,"Button Change: Detection status of crimp error 2 is to ON",2576,1,,,,,,,,
424,31-May-18 8:57:07 AM,2,"Button Change: Detection status of no terminal 2 is to ON",2578,1,,,,,,,,
425,31-May-18 8:57:07 AM,2,"Button Change: Detection status of terminal overload 2 is to ON",2580,1,,,,,,,,
426,31-May-18 8:57:22 AM,1,"Work Data Change: Crimp Height 2 is from 0.84 to 0.87",1282,0.84,0.87,,,,,,,
427,31-May-18 8:57:41 AM,1,"Work Data Change: Crimp Height 2 is from 0.87 to 0.88",1282,0.87,0.88,,,,,,,
428,31-May-18 8:57:42 AM,2,"Button Change: SAMPLE is to ON",261,1,,,,,,,,
429,31-May-18 8:57:42 AM,2,"Button Change: TEST is to OFF",259,0,,,,,,,,
430,31-May-18 8:57:45 AM,3,"Error Message: Stop before the waster eject is Occurred",70,1,,,,,,,,
431,31-May-18 8:57:45 AM,3,"Error Message: Defect detection: Side2 miss-crimp (CFM) is Occurred",82,1,,,,,,,,
432,31-May-18 8:57:46 AM,3,"Error Message: Stop before the waster eject is Cancel",70,0,,,,,,,,
433,31-May-18 8:57:46 AM,3,"Error Message: Defect detection: Side2 miss-crimp (CFM) is Cancel",82,0,,,,,,,,
434,31-May-18 8:57:49 AM,3,"Error Message: Stop before the waster eject is Occurred",70,1,,,,,,,,
435,31-May-18 8:57:49 AM,3,"Error Message: Defect detection: Side2 miss-crimp (CFM) is Occurred",82,1,,,,,,,,
436,31-May-18 8:57:51 AM,3,"Error Message: Stop before the waster eject is Cancel",70,0,,,,,,,,
437,31-May-18 8:57:51 AM,3,"Error Message: Defect detection: Side2 miss-crimp (CFM) is Cancel",82,0,,,,,,,,
438,31-May-18 8:57:55 AM,2,"Button Change: CFM Teaching status is to ON",1806,1,,,,,,,,
439,31-May-18 8:58:36 AM,2,"Button Change: NORMAL is to ON",257,1,,,,,,,,
440,31-May-18 8:58:36 AM,2,"Button Change: SAMPLE is to OFF",261,0,,,,,,,,
441,31-May-18 9:00:29 AM,2,"Button Change: NORMAL is to OFF",257,0,,,,,,,,
442,31-May-18 9:00:29 AM,2,"Button Change: SAMPLE is to ON",261,1,,,,,,,,
443,31-May-18 9:00:42 AM,2,"Button Change: CFM Teaching status is to OFF",1806,0,,,,,,,,
444,31-May-18 9:00:53 AM,1,"Work Data Change: Crimp Height 2 is from 0.88 to 0.90",1282,0.88,0.90,,,,,,,
445,31-May-18 9:00:58 AM,2,"Button Change: NORMAL is to ON",257,1,,,,,,,,
446,31-May-18 9:00:58 AM,2,"Button Change: SAMPLE is to OFF",261,0,,,,,,,,
447,31-May-18 9:01:57 AM,3,"Error Message: Ejector cover is opened is Occurred",77,1,,,,,,,,
448,31-May-18 9:02:27 AM,3,"Error Message: Ejector cover is opened is Cancel",77,0,,,,,,,,
449,31-May-18 9:06:33 AM,3,"Error Message: Abnormal feed deflection is Occurred",32,1,,,,,,,,
450,31-May-18 9:06:39 AM,3,"Error Message: Feed roller is opened is Occurred",114,1,,,,,,,,
451,31-May-18 9:06:59 AM,3,"Error Message: Feed roller is opened is Cancel",114,0,,,,,,,,
452,31-May-18 9:07:01 AM,3,"Error Message: Abnormal feed deflection is Cancel",32,0,,,,,,,,
453,31-May-18 9:07:04 AM,3,"Error Message: Stop before the waster eject is Occurred",70,1,,,,,,,,
454,31-May-18 9:07:05 AM,3,"Error Message: Stop before the waster eject is Cancel",70,0,,,,,,,,
455,31-May-18 9:09:51 AM,3,"Error Message: Abnormal feed deflection is Occurred",32,1,,,,,,,,
456,31-May-18 9:10:05 AM,3,"Error Message: Feed roller is opened is Occurred",114,1,,,,,,,,
457,31-May-18 9:10:14 AM,3,"Error Message: Feed roller is opened is Cancel",114,0,,,,,,,,
458,31-May-18 9:10:17 AM,3,"Error Message: Abnormal feed deflection is Cancel",32,0,,,,,,,,
459,31-May-18 9:11:40 AM,3,"Error Message: Abnormal feed deflection is Occurred",32,1,,,,,,,,
460,31-May-18 9:11:42 AM,3,"Error Message: Feed roller is opened is Occurred",114,1,,,,,,,,
461,31-May-18 9:11:52 AM,3,"Error Message: Feed roller is opened is Cancel",114,0,,,,,,,,
462,31-May-18 9:11:56 AM,3,"Error Message: Abnormal feed deflection is Cancel",32,0,,,,,,,,
463,31-May-18 9:11:58 AM,3,"Error Message: Stop before the waster eject is Occurred",70,1,,,,,,,,
464,31-May-18 9:11:59 AM,3,"Error Message: Stop before the waster eject is Cancel",70,0,,,,,,,,
465,31-May-18 9:18:55 AM,3,"Error Message: Wire joint is Occurred",28,1,,,,,,,,
466,31-May-18 9:18:59 AM,3,"Error Message: Wire joint is Cancel",28,0,,,,,,,,
467,31-May-18 9:19:03 AM,3,"Error Message: Feed roller is opened is Occurred",114,1,,,,,,,,
468,31-May-18 9:19:09 AM,3,"Error Message: Feed roller is opened is Cancel",114,0,,,,,,,,
469,31-May-18 9:19:13 AM,3,"Error Message: Stop before the waster eject is Occurred",70,1,,,,,,,,
470,31-May-18 9:19:13 AM,3,"Error Message: Stop before the waster eject is Cancel",70,0,,,,,,,,
471,31-May-18 9:29:35 AM,3,"Error Message: Feed roller is opened is Occurred",114,1,,,,,,,,
472,31-May-18 9:31:08 AM,3,"Error Message: Under switching selector is Occurred",35,1,,,,,,,,
473,31-May-18 9:31:35 AM,10,"Bank Load: Bank change into 53",53,,,,,,,,,
474,31-May-18 9:31:35 AM,2,"Button Change: Crimp 2 Switch is to OFF",1282,0,,,,,,,,
475,31-May-18 9:31:35 AM,1,"Work Data Change: Wire Length is from 2085 to 2500",257,2085,2500,,,,,,,
476,31-May-18 9:31:35 AM,2,"Button Change: Detection status of crimp error 2 is to OFF",2576,0,,,,,,,,
477,31-May-18 9:31:35 AM,2,"Button Change: Detection status of no terminal 2 is to OFF",2578,0,,,,,,,,
478,31-May-18 9:31:35 AM,2,"Button Change: Detection status of terminal overload 2 is to OFF",2580,0,,,,,,,,
479,31-May-18 9:31:35 AM,1,"Work Data Change: Strip Depth (Open length) is from 0.35 to 0.20",515,0.35,0.20,,,,,,,
480,31-May-18 9:31:35 AM,1,"Work Data Change: Strip Length 1 is from 6.6 to 4.3",513,6.6,4.3,,,,,,,
481,31-May-18 9:31:35 AM,1,"Work Data Change: Semi-Strip Length 1 is from 0.0 to 3.0",514,0.0,3.0,,,,,,,
482,31-May-18 9:31:35 AM,1,"Work Data Change: CFM Program No. 1 is from 2 to 1",1029,2,1,,,,,,,
483,31-May-18 9:31:35 AM,1,"Work Data Change: Semi-Strip Length 2 is from 3.1 to 0.0",770,3.1,0.0,,,,,,,
484,31-May-18 9:31:35 AM,1,"Work Data Change: Crimp Height 2 is from 0.90 to 0.73",1282,0.90,0.73,,,,,,,
485,31-May-18 9:31:35 AM,1,"Work Data Change: CFM Program No. 2 is from 2 to 1",1285,2,1,,,,,,,
486,31-May-18 9:31:35 AM,1,"Work Data Change: Wire Feed Speed 3 is from 5.0 to 4.0",2566,5.0,4.0,,,,,,,
487,31-May-18 9:32:51 AM,3,"Error Message: Under switching selector is Cancel",35,0,,,,,,,,
488,31-May-18 9:33:19 AM,3,"Error Message: Feed roller is opened is Cancel",114,0,,,,,,,,
489,31-May-18 9:34:08 AM,2,"Button Change: Crimp 2 Switch is to ON",1282,1,,,,,,,,
490,31-May-18 9:34:08 AM,2,"Button Change: Detection status of crimp error 2 is to ON",2576,1,,,,,,,,
491,31-May-18 9:34:08 AM,2,"Button Change: Detection status of no terminal 2 is to ON",2578,1,,,,,,,,
492,31-May-18 9:34:08 AM,2,"Button Change: Detection status of terminal overload 2 is to ON",2580,1,,,,,,,,
493,31-May-18 9:34:09 AM,2,"Button Change: NORMAL is to OFF",257,0,,,,,,,,
494,31-May-18 9:34:09 AM,2,"Button Change: TEST is to ON",259,1,,,,,,,,
495,31-May-18 9:34:11 AM,3,"Error Message: Stop before the waster eject is Occurred",70,1,,,,,,,,
496,31-May-18 9:34:12 AM,3,"Error Message: Stop before the waster eject is Cancel",70,0,,,,,,,,
497,31-May-18 9:34:21 AM,3,"Error Message: Feed roller is opened is Occurred",114,1,,,,,,,,
498,31-May-18 9:34:42 AM,3,"Error Message: Feed roller is opened is Cancel",114,0,,,,,,,,
499,31-May-18 9:34:48 AM,3,"Error Message: Abnormal feed deflection is Occurred",32,1,,,,,,,,
500,31-May-18 9:34:48 AM,3,"Error Message: Stop before the waster eject is Occurred",70,1,,,,,,,,
501,31-May-18 9:34:49 AM,3,"Error Message: Abnormal feed deflection is Cancel",32,0,,,,,,,,
502,31-May-18 9:34:49 AM,3,"Error Message: Stop before the waster eject is Cancel",70,0,,,,,,,,
503,31-May-18 9:34:57 AM,2,"Button Change: SAMPLE is to ON",261,1,,,,,,,,
504,31-May-18 9:34:57 AM,2,"Button Change: TEST is to OFF",259,0,,,,,,,,
505,31-May-18 9:35:00 AM,3,"Error Message: Stop before the waster eject is Occurred",70,1,,,,,,,,
506,31-May-18 9:35:02 AM,3,"Error Message: Stop before the waster eject is Cancel",70,0,,,,,,,,
507,31-May-18 9:35:03 AM,3,"Error Message: Stop before the waster eject is Occurred",70,1,,,,,,,,
508,31-May-18 9:35:03 AM,3,"Error Message: Defect detection: Side2 miss-crimp (CFM) is Occurred",82,1,,,,,,,,
509,31-May-18 9:35:06 AM,3,"Error Message: Stop before the waster eject is Cancel",70,0,,,,,,,,
510,31-May-18 9:35:06 AM,3,"Error Message: Defect detection: Side2 miss-crimp (CFM) is Cancel",82,0,,,,,,,,
511,31-May-18 9:35:10 AM,2,"Button Change: CFM Teaching status is to ON",1806,1,,,,,,,,
512,31-May-18 9:35:12 AM,2,"Button Change: SAMPLE is to OFF",261,0,,,,,,,,
513,31-May-18 9:35:12 AM,2,"Button Change: TEST is to ON",259,1,,,,,,,,
514,31-May-18 9:35:14 AM,2,"Button Change: TEST is to OFF",259,0,,,,,,,,
515,31-May-18 9:35:14 AM,2,"Button Change: EJECT is to ON",258,1,,,,,,,,
516,31-May-18 9:35:48 AM,1,"Work Data Change: Crimp Height 2 is from 0.73 to 0.78",1282,0.73,0.78,,,,,,,
517,31-May-18 9:35:49 AM,2,"Button Change: SAMPLE is to ON",261,1,,,,,,,,
518,31-May-18 9:35:49 AM,2,"Button Change: EJECT is to OFF",258,0,,,,,,,,
519,31-May-18 9:36:07 AM,2,"Button Change: NORMAL is to ON",257,1,,,,,,,,
520,31-May-18 9:36:07 AM,2,"Button Change: SAMPLE is to OFF",261,0,,,,,,,,
521,31-May-18 9:36:14 AM,2,"Button Change: CFM Teaching status is to OFF",1806,0,,,,,,,,
522,31-May-18 9:38:02 AM,2,"Button Change: NORMAL is to OFF",257,0,,,,,,,,
523,31-May-18 9:38:02 AM,2,"Button Change: EJECT is to ON",258,1,,,,,,,,
524,31-May-18 9:40:57 AM,2,"Button Change: TEST is to ON",259,1,,,,,,,,
525,31-May-18 9:40:57 AM,2,"Button Change: EJECT is to OFF",258,0,,,,,,,,
526,31-May-18 9:41:20 AM,2,"Button Change: Crimp 2 Switch is to OFF",1282,0,,,,,,,,
527,31-May-18 9:41:20 AM,2,"Button Change: Detection status of crimp error 2 is to OFF",2576,0,,,,,,,,
528,31-May-18 9:41:20 AM,2,"Button Change: Detection status of no terminal 2 is to OFF",2578,0,,,,,,,,
529,31-May-18 9:41:20 AM,2,"Button Change: Detection status of terminal overload 2 is to OFF",2580,0,,,,,,,,
530,31-May-18 9:41:25 AM,2,"Button Change: JOG is to ON",513,1,,,,,,,,
531,31-May-18 9:41:25 AM,2,"Button Change: AUTO is to OFF",515,0,,,,,,,,
532,31-May-18 9:42:47 AM,2,"Button Change: JOG is to OFF",513,0,,,,,,,,
533,31-May-18 9:42:47 AM,2,"Button Change: AUTO is to ON",515,1,,,,,,,,
534,31-May-18 9:42:48 AM,2,"Button Change: Crimp 2 Switch is to ON",1282,1,,,,,,,,
535,31-May-18 9:42:48 AM,2,"Button Change: Detection status of crimp error 2 is to ON",2576,1,,,,,,,,
536,31-May-18 9:42:48 AM,2,"Button Change: Detection status of no terminal 2 is to ON",2578,1,,,,,,,,
537,31-May-18 9:42:48 AM,2,"Button Change: Detection status of terminal overload 2 is to ON",2580,1,,,,,,,,
538,31-May-18 9:43:54 AM,2,"Button Change: NORMAL is to ON",257,1,,,,,,,,
539,31-May-18 9:43:54 AM,2,"Button Change: TEST is to OFF",259,0,,,,,,,,
540,31-May-18 9:45:10 AM,2,"Button Change: Count down is to ON",2311,1,,,,,,,,
541,31-May-18 9:45:10 AM,2,"Button Change: Count down is to OFF",2311,0,,,,,,,,
542,31-May-18 9:45:10 AM,2,"Button Change: Count down is to ON",2311,1,,,,,,,,
543,31-May-18 9:45:11 AM,2,"Button Change: Count down is to OFF",2311,0,,,,,,,,
544,31-May-18 9:45:11 AM,2,"Button Change: Count down is to ON",2311,1,,,,,,,,
545,31-May-18 9:45:11 AM,2,"Button Change: Count down is to OFF",2311,0,,,,,,,,
546,31-May-18 9:45:11 AM,2,"Button Change: Count down is to ON",2311,1,,,,,,,,
547,31-May-18 9:45:11 AM,2,"Button Change: Count down is to OFF",2311,0,,,,,,,,
548,31-May-18 9:45:11 AM,2,"Button Change: Count down is to ON",2311,1,,,,,,,,
549,31-May-18 9:45:11 AM,2,"Button Change: Count down is to OFF",2311,0,,,,,,,,
550,31-May-18 9:45:12 AM,2,"Button Change: Count down is to ON",2311,1,,,,,,,,
551,31-May-18 9:45:12 AM,2,"Button Change: Count down is to OFF",2311,0,,,,,,,,
552,31-May-18 9:45:12 AM,2,"Button Change: Count down is to ON",2311,1,,,,,,,,
553,31-May-18 9:45:12 AM,2,"Button Change: Count down is to OFF",2311,0,,,,,,,,
554,31-May-18 9:52:09 AM,3,"Error Message: Abnormal feed deflection is Occurred",32,1,,,,,,,,
555,31-May-18 9:52:27 AM,3,"Error Message: Feed roller is opened is Occurred",114,1,,,,,,,,
556,31-May-18 9:52:36 AM,3,"Error Message: Feed roller is opened is Cancel",114,0,,,,,,,,
557,31-May-18 9:52:39 AM,3,"Error Message: Abnormal feed deflection is Cancel",32,0,,,,,,,,
558,31-May-18 10:08:00 AM,3,"Error Message: Wire joint is Occurred",28,1,,,,,,,,
559,31-May-18 10:08:06 AM,3,"Error Message: Wire joint is Cancel",28,0,,,,,,,,
560,31-May-18 10:08:14 AM,3,"Error Message: Feed roller is opened is Occurred",114,1,,,,,,,,
561,31-May-18 10:08:18 AM,3,"Error Message: Feed roller is opened is Cancel",114,0,,,,,,,,
562,31-May-18 10:08:24 AM,3,"Error Message: Stop before the waster eject is Occurred",70,1,,,,,,,,
563,31-May-18 10:08:24 AM,3,"Error Message: Stop before the waster eject is Cancel",70,0,,,,,,,,
564,31-May-18 10:09:52 AM,3,"Error Message: Abnormal feed deflection is Occurred",32,1,,,,,,,,
565,31-May-18 10:10:11 AM,3,"Error Message: Feed roller is opened is Occurred",114,1,,,,,,,,
566,31-May-18 10:10:16 AM,3,"Error Message: Abnormal feed deflection is Cancel",32,0,,,,,,,,
567,31-May-18 10:10:16 AM,3,"Error Message: Feed roller is opened is Cancel",114,0,,,,,,,,
568,31-May-18 10:10:20 AM,3,"Error Message: Stop before the waster eject is Occurred",70,1,,,,,,,,
569,31-May-18 10:10:20 AM,3,"Error Message: Stop before the waster eject is Cancel",70,0,,,,,,,,
570,31-May-18 10:11:40 AM,3,"Error Message: Feed roller is opened is Occurred",114,1,,,,,,,,
571,31-May-18 10:12:21 AM,10,"Bank Load: Bank change into 962",962,,,,,,,,,
572,31-May-18 10:12:21 AM,2,"Button Change: Crimp 2 Switch is to OFF",1282,0,,,,,,,,
573,31-May-18 10:12:21 AM,1,"Work Data Change: Wire Length is from 2500 to 3850",257,2500,3850,,,,,,,
574,31-May-18 10:12:21 AM,1,"Work Data Change: Strip Length 1 is from 4.3 to 4.5",513,4.3,4.5,,,,,,,
575,31-May-18 10:12:21 AM,2,"Button Change: Detection status of crimp error 2 is to OFF",2576,0,,,,,,,,
576,31-May-18 10:12:21 AM,2,"Button Change: Detection status of no terminal 2 is to OFF",2578,0,,,,,,,,
577,31-May-18 10:12:21 AM,2,"Button Change: Detection status of terminal overload 2 is to OFF",2580,0,,,,,,,,
578,31-May-18 10:12:21 AM,1,"Work Data Change: Semi-Strip Length 1 is from 3.0 to 0.0",514,3.0,0.0,,,,,,,
579,31-May-18 10:12:21 AM,1,"Work Data Change: Semi-Strip Length 2 is from 0.0 to 3.0",770,0.0,3.0,,,,,,,
580,31-May-18 10:12:21 AM,1,"Work Data Change: CFM Program No. 1 is from 1 to 2",1029,1,2,,,,,,,
581,31-May-18 10:12:21 AM,1,"Work Data Change: Crimp Height 2 is from 0.78 to 0.73",1282,0.78,0.73,,,,,,,
582,31-May-18 10:12:21 AM,1,"Work Data Change: Crimp Side Pos 2 is from 0.0 to -0.2",1283,0.0,-0.2,,,,,,,
583,31-May-18 10:12:21 AM,1,"Work Data Change: CFM Program No. 2 is from 1 to 2",1285,1,2,,,,,,,
584,31-May-18 10:14:41 AM,3,"Error Message: Under switching selector is Occurred",35,1,,,,,,,,
585,31-May-18 10:14:52 AM,2,"Button Change: CFM Teaching status is to ON",1806,1,,,,,,,,
586,31-May-18 10:14:54 AM,2,"Button Change: Crimp 2 Switch is to ON",1282,1,,,,,,,,
587,31-May-18 10:14:54 AM,2,"Button Change: Detection status of crimp error 2 is to ON",2576,1,,,,,,,,
588,31-May-18 10:14:54 AM,2,"Button Change: Detection status of no terminal 2 is to ON",2578,1,,,,,,,,
589,31-May-18 10:14:54 AM,2,"Button Change: Detection status of terminal overload 2 is to ON",2580,1,,,,,,,,
590,31-May-18 10:15:21 AM,3,"Error Message: Under switching selector is Cancel",35,0,,,,,,,,
591,31-May-18 10:15:56 AM,3,"Error Message: Feed roller is opened is Cancel",114,0,,,,,,,,
592,31-May-18 10:16:18 AM,2,"Button Change: NORMAL is to OFF",257,0,,,,,,,,
593,31-May-18 10:16:18 AM,2,"Button Change: TEST is to ON",259,1,,,,,,,,
594,31-May-18 10:16:19 AM,3,"Error Message: Stop before the waster eject is Occurred",70,1,,,,,,,,
595,31-May-18 10:16:19 AM,2,"Button Change: TEST is to OFF",259,0,,,,,,,,
596,31-May-18 10:16:19 AM,2,"Button Change: EJECT is to ON",258,1,,,,,,,,
597,31-May-18 10:16:20 AM,3,"Error Message: Stop before the waster eject is Cancel",70,0,,,,,,,,
598,31-May-18 10:16:49 AM,1,"Work Data Change: Crimp Height 2 is from 0.73 to 0.78",1282,0.73,0.78,,,,,,,
599,31-May-18 10:16:50 AM,2,"Button Change: SAMPLE is to ON",261,1,,,,,,,,
600,31-May-18 10:16:50 AM,2,"Button Change: EJECT is to OFF",258,0,,,,,,,,
601,31-May-18 10:17:22 AM,2,"Button Change: NORMAL is to ON",257,1,,,,,,,,
602,31-May-18 10:17:22 AM,2,"Button Change: SAMPLE is to OFF",261,0,,,,,,,,
603,31-May-18 10:17:30 AM,2,"Button Change: CFM Teaching status is to OFF",1806,0,,,,,,,,
604,31-May-18 10:20:06 AM,2,"Button Change: Count down is to ON",2311,1,,,,,,,,
605,31-May-18 10:20:07 AM,2,"Button Change: Count down is to OFF",2311,0,,,,,,,,
606,31-May-18 10:20:55 AM,2,"Button Change: NORMAL is to OFF",257,0,,,,,,,,
607,31-May-18 10:20:55 AM,2,"Button Change: EJECT is to ON",258,1,,,,,,,,
608,31-May-18 10:24:23 AM,2,"Button Change: TEST is to ON",259,1,,,,,,,,
609,31-May-18 10:24:23 AM,2,"Button Change: EJECT is to OFF",258,0,,,,,,,,
610,31-May-18 10:24:31 AM,2,"Button Change: JOG is to ON",513,1,,,,,,,,
611,31-May-18 10:24:31 AM,2,"Button Change: AUTO is to OFF",515,0,,,,,,,,
612,31-May-18 10:24:34 AM,2,"Button Change: JOG is to OFF",513,0,,,,,,,,
613,31-May-18 10:24:34 AM,2,"Button Change: AUTO is to ON",515,1,,,,,,,,
614,31-May-18 10:24:36 AM,2,"Button Change: JOG is to ON",513,1,,,,,,,,
615,31-May-18 10:24:36 AM,2,"Button Change: AUTO is to OFF",515,0,,,,,,,,
616,31-May-18 10:26:12 AM,2,"Button Change: Count down is to ON",2311,1,,,,,,,,
617,31-May-18 10:26:13 AM,2,"Button Change: Count down is to OFF",2311,0,,,,,,,,
618,31-May-18 10:26:13 AM,2,"Button Change: Count down is to ON",2311,1,,,,,,,,
619,31-May-18 10:26:13 AM,2,"Button Change: Count down is to OFF",2311,0,,,,,,,,
620,31-May-18 10:26:14 AM,2,"Button Change: Count down is to ON",2311,1,,,,,,,,
621,31-May-18 10:26:14 AM,2,"Button Change: Count down is to OFF",2311,0,,,,,,,,
622,31-May-18 10:26:14 AM,2,"Button Change: Count down is to ON",2311,1,,,,,,,,
623,31-May-18 10:26:15 AM,2,"Button Change: Count down is to OFF",2311,0,,,,,,,,
624,31-May-18 10:26:16 AM,2,"Button Change: Count up is to ON",2310,1,,,,,,,,
625,31-May-18 10:26:17 AM,2,"Button Change: Count up is to OFF",2310,0,,,,,,,,
626,31-May-18 10:26:20 AM,2,"Button Change: JOG is to OFF",513,0,,,,,,,,
627,31-May-18 10:26:20 AM,2,"Button Change: AUTO is to ON",515,1,,,,,,,,
628,31-May-18 10:26:23 AM,3,"Error Message: Stop before the waster eject is Occurred",70,1,,,,,,,,
629,31-May-18 10:26:23 AM,3,"Error Message: Defect detection: Side2 miss-crimp (CFM) is Occurred",82,1,,,,,,,,
630,31-May-18 10:26:25 AM,3,"Error Message: Stop before the waster eject is Cancel",70,0,,,,,,,,
631,31-May-18 10:26:25 AM,3,"Error Message: Defect detection: Side2 miss-crimp (CFM) is Cancel",82,0,,,,,,,,
632,31-May-18 10:26:33 AM,2,"Button Change: CFM Teaching status is to ON",1806,1,,,,,,,,
633,31-May-18 10:27:21 AM,1,"Work Data Change: Crimp Height 2 is from 0.78 to 0.76",1282,0.78,0.76,,,,,,,
634,31-May-18 10:27:30 AM,2,"Button Change: CFM Teaching status is to OFF",1806,0,,,,,,,,
635,31-May-18 10:28:13 AM,2,"Button Change: NORMAL is to ON",257,1,,,,,,,,
636,31-May-18 10:28:13 AM,2,"Button Change: TEST is to OFF",259,0,,,,,,,,
637,31-May-18 10:33:58 AM,3,"Error Message: Abnormal feed deflection is Occurred",32,1,,,,,,,,
638,31-May-18 10:34:29 AM,3,"Error Message: Feed roller is opened is Occurred",114,1,,,,,,,,
639,31-May-18 10:34:39 AM,3,"Error Message: Feed roller is opened is Cancel",114,0,,,,,,,,
640,31-May-18 10:34:57 AM,3,"Error Message: Abnormal feed deflection is Cancel",32,0,,,,,,,,
641,31-May-18 10:35:01 AM,3,"Error Message: Stop before the waster eject is Occurred",70,1,,,,,,,,
642,31-May-18 10:35:01 AM,3,"Error Message: Stop before the waster eject is Cancel",70,0,,,,,,,,
643,31-May-18 10:46:03 AM,3,"Error Message: Wire joint is Occurred",28,1,,,,,,,,
644,31-May-18 10:46:04 AM,3,"Error Message: Wire joint is Cancel",28,0,,,,,,,,
645,31-May-18 10:46:12 AM,3,"Error Message: Feed roller is opened is Occurred",114,1,,,,,,,,
646,31-May-18 10:46:20 AM,3,"Error Message: Feed roller is opened is Cancel",114,0,,,,,,,,
647,31-May-18 10:46:37 AM,3,"Error Message: Stop before the waster eject is Occurred",70,1,,,,,,,,
648,31-May-18 10:46:37 AM,3,"Error Message: Stop before the waster eject is Cancel",70,0,,,,,,,,
649,31-May-18 10:46:52 AM,3,"Error Message: Abnormal feed deflection is Occurred",32,1,,,,,,,,
650,31-May-18 10:47:00 AM,3,"Error Message: Feed roller is opened is Occurred",114,1,,,,,,,,
651,31-May-18 10:47:07 AM,3,"Error Message: Feed roller is opened is Cancel",114,0,,,,,,,,
652,31-May-18 10:47:18 AM,3,"Error Message: Abnormal feed deflection is Cancel",32,0,,,,,,,,
653,31-May-18 10:47:22 AM,3,"Error Message: Stop before the waster eject is Occurred",70,1,,,,,,,,
654,31-May-18 10:47:22 AM,3,"Error Message: Stop before the waster eject is Cancel",70,0,,,,,,,,
655,31-May-18 10:48:37 AM,3,"Error Message: Abnormal feed deflection is Occurred",32,1,,,,,,,,
656,31-May-18 10:50:06 AM,3,"Error Message: Abnormal feed deflection is Cancel",32,0,,,,,,,,
657,31-May-18 10:50:20 AM,3,"Error Message: Feed roller is opened is Occurred",114,1,,,,,,,,
658,31-May-18 10:50:26 AM,3,"Error Message: Feed roller is opened is Cancel",114,0,,,,,,,,
659,31-May-18 10:50:42 AM,3,"Error Message: Stop before the waster eject is Occurred",70,1,,,,,,,,
660,31-May-18 10:50:43 AM,3,"Error Message: Stop before the waster eject is Cancel",70,0,,,,,,,,
661,31-May-18 10:51:10 AM,3,"Error Message: Abnormal feed deflection is Occurred",32,1,,,,,,,,
662,31-May-18 10:51:18 AM,3,"Error Message: Feed roller is opened is Occurred",114,1,,,,,,,,
663,31-May-18 10:51:30 AM,3,"Error Message: Feed roller is opened is Cancel",114,0,,,,,,,,
664,31-May-18 10:51:33 AM,3,"Error Message: Abnormal feed deflection is Cancel",32,0,,,,,,,,
665,31-May-18 10:53:21 AM,3,"Error Message: Abnormal feed deflection is Occurred",32,1,,,,,,,,
666,31-May-18 10:53:24 AM,3,"Error Message: Feed roller is opened is Occurred",114,1,,,,,,,,
667,31-May-18 10:53:35 AM,3,"Error Message: Feed roller is opened is Cancel",114,0,,,,,,,,
668,31-May-18 10:54:20 AM,3,"Error Message: Abnormal feed deflection is Cancel",32,0,,,,,,,,
669,31-May-18 11:07:38 AM,3,"Error Message: Wire joint is Occurred",28,1,,,,,,,,
670,31-May-18 11:07:38 AM,3,"Error Message: Wire joint is Cancel",28,0,,,,,,,,
671,31-May-18 11:07:43 AM,3,"Error Message: Feed roller is opened is Occurred",114,1,,,,,,,,
672,31-May-18 11:07:45 AM,3,"Error Message: Feed roller is opened is Cancel",114,0,,,,,,,,
673,31-May-18 11:07:49 AM,3,"Error Message: Stop before the waster eject is Occurred",70,1,,,,,,,,
674,31-May-18 11:07:49 AM,3,"Error Message: Stop before the waster eject is Cancel",70,0,,,,,,,,
675,31-May-18 11:08:53 AM,3,"Error Message: Abnormal feed deflection is Occurred",32,1,,,,,,,,
676,31-May-18 11:09:12 AM,3,"Error Message: Feed roller is opened is Occurred",114,1,,,,,,,,
677,31-May-18 11:09:18 AM,3,"Error Message: Feed roller is opened is Cancel",114,0,,,,,,,,
678,31-May-18 11:09:22 AM,3,"Error Message: Abnormal feed deflection is Cancel",32,0,,,,,,,,
679,31-May-18 11:10:23 AM,3,"Error Message: Abnormal feed deflection is Occurred",32,1,,,,,,,,
680,31-May-18 11:10:26 AM,3,"Error Message: Feed roller is opened is Occurred",114,1,,,,,,,,
681,31-May-18 11:11:14 AM,3,"Error Message: Feed roller is opened is Cancel",114,0,,,,,,,,
682,31-May-18 11:11:21 AM,3,"Error Message: Abnormal feed deflection is Cancel",32,0,,,,,,,,
683,31-May-18 11:11:48 AM,3,"Error Message: Abnormal feed deflection is Occurred",32,1,,,,,,,,
684,31-May-18 11:11:55 AM,3,"Error Message: Feed roller is opened is Occurred",114,1,,,,,,,,
685,31-May-18 11:12:04 AM,3,"Error Message: Feed roller is opened is Cancel",114,0,,,,,,,,
686,31-May-18 11:12:06 AM,3,"Error Message: Abnormal feed deflection is Cancel",32,0,,,,,,,,
687,31-May-18 11:12:11 AM,3,"Error Message: Stop before the waster eject is Occurred",70,1,,,,,,,,
688,31-May-18 11:12:11 AM,3,"Error Message: Stop before the waster eject is Cancel",70,0,,,,,,,,
689,31-May-18 11:16:19 AM,3,"Error Message: Swing cover is opened is Occurred",86,1,,,,,,,,
690,31-May-18 11:16:27 AM,3,"Error Message: Swing cover is opened is Cancel",86,0,,,,,,,,
691,31-May-18 11:17:19 AM,3,"Error Message: Abnormal feed deflection is Occurred",32,1,,,,,,,,
692,31-May-18 11:17:27 AM,3,"Error Message: Feed roller is opened is Occurred",114,1,,,,,,,,
693,31-May-18 11:17:35 AM,3,"Error Message: Feed roller is opened is Cancel",114,0,,,,,,,,
694,31-May-18 11:17:38 AM,3,"Error Message: Abnormal feed deflection is Cancel",32,0,,,,,,,,
695,31-May-18 11:17:42 AM,3,"Error Message: Stop before the waster eject is Occurred",70,1,,,,,,,,
696,31-May-18 11:17:43 AM,3,"Error Message: Stop before the waster eject is Cancel",70,0,,,,,,,,
697,31-May-18 11:20:44 AM,3,"Error Message: Abnormal feed deflection is Occurred",32,1,,,,,,,,
698,31-May-18 11:20:49 AM,3,"Error Message: Feed roller is opened is Occurred",114,1,,,,,,,,
699,31-May-18 11:20:55 AM,3,"Error Message: Feed roller is opened is Cancel",114,0,,,,,,,,
700,31-May-18 11:21:08 AM,3,"Error Message: Abnormal feed deflection is Cancel",32,0,,,,,,,,
701,31-May-18 11:21:12 AM,3,"Error Message: Stop before the waster eject is Occurred",70,1,,,,,,,,
702,31-May-18 11:21:12 AM,3,"Error Message: Stop before the waster eject is Cancel",70,0,,,,,,,,
703,31-May-18 11:22:05 AM,3,"Error Message: Abnormal feed deflection is Occurred",32,1,,,,,,,,
704,31-May-18 11:22:16 AM,3,"Error Message: Feed roller is opened is Occurred",114,1,,,,,,,,
705,31-May-18 11:22:34 AM,3,"Error Message: Feed roller is opened is Cancel",114,0,,,,,,,,
706,31-May-18 11:22:35 AM,3,"Error Message: Abnormal feed deflection is Cancel",32,0,,,,,,,,
707,31-May-18 11:26:30 AM,3,"Error Message: Abnormal feed deflection is Occurred",32,1,,,,,,,,
708,31-May-18 11:26:37 AM,3,"Error Message: Feed roller is opened is Occurred",114,1,,,,,,,,
709,31-May-18 11:26:50 AM,3,"Error Message: Feed roller is opened is Cancel",114,0,,,,,,,,
710,31-May-18 11:27:01 AM,3,"Error Message: Abnormal feed deflection is Cancel",32,0,,,,,,,,
711,31-May-18 11:27:05 AM,3,"Error Message: Stop before the waster eject is Occurred",70,1,,,,,,,,
712,31-May-18 11:27:05 AM,3,"Error Message: Stop before the waster eject is Cancel",70,0,,,,,,,,
713,31-May-18 11:29:21 AM,3,"Error Message: Abnormal feed deflection is Occurred",32,1,,,,,,,,
714,31-May-18 11:29:33 AM,3,"Error Message: Feed roller is opened is Occurred",114,1,,,,,,,,
715,31-May-18 11:30:40 AM,3,"Error Message: Feed roller is opened is Cancel",114,0,,,,,,,,
716,31-May-18 11:31:18 AM,3,"Error Message: Abnormal feed deflection is Cancel",32,0,,,,,,,,
717,31-May-18 11:31:22 AM,3,"Error Message: Stop before the waster eject is Occurred",70,1,,,,,,,,
718,31-May-18 11:31:22 AM,3,"Error Message: Stop before the waster eject is Cancel",70,0,,,,,,,,
719,31-May-18 11:31:49 AM,3,"Error Message: Abnormal feed deflection is Occurred",32,1,,,,,,,,
720,31-May-18 11:32:23 AM,3,"Error Message: Abnormal feed deflection is Cancel",32,0,,,,,,,,
721,31-May-18 11:32:27 AM,3,"Error Message: Stop before the waster eject is Occurred",70,1,,,,,,,,
722,31-May-18 11:32:28 AM,3,"Error Message: Stop before the waster eject is Cancel",70,0,,,,,,,,
723,31-May-18 11:34:59 AM,3,"Error Message: Wire joint is Occurred",28,1,,,,,,,,
724,31-May-18 11:35:02 AM,3,"Error Message: Wire joint is Cancel",28,0,,,,,,,,
725,31-May-18 11:35:08 AM,3,"Error Message: Feed roller is opened is Occurred",114,1,,,,,,,,
726,31-May-18 11:35:10 AM,3,"Error Message: Feed roller is opened is Cancel",114,0,,,,,,,,
727,31-May-18 11:35:17 AM,3,"Error Message: Stop before the waster eject is Occurred",70,1,,,,,,,,
728,31-May-18 11:35:18 AM,3,"Error Message: Stop before the waster eject is Cancel",70,0,,,,,,,,
729,31-May-18 11:37:57 AM,3,"Error Message: Feed roller is opened is Occurred",114,1,,,,,,,,
730,31-May-18 11:41:21 AM,3,"Error Message: Under switching selector is Occurred",35,1,,,,,,,,
731,31-May-18 11:41:34 AM,3,"Error Message: Under switching selector is Cancel",35,0,,,,,,,,
732,31-May-18 11:42:10 AM,3,"Error Message: Feed roller is opened is Cancel",114,0,,,,,,,,
733,31-May-18 11:43:08 AM,10,"Bank Load: Bank change into 122",122,,,,,,,,,
734,31-May-18 11:43:08 AM,1,"Work Data Change: Wire Length Correction 2 is from 0.0 to 0.3",2562,0.0,0.3,,,,,,,
735,31-May-18 11:43:08 AM,2,"Button Change: Crimp 2 Switch is to OFF",1282,0,,,,,,,,
736,31-May-18 11:43:08 AM,2,"Button Change: Detection status of crimp error 2 is to OFF",2576,0,,,,,,,,
737,31-May-18 11:43:08 AM,2,"Button Change: Detection status of no terminal 2 is to OFF",2578,0,,,,,,,,
738,31-May-18 11:43:08 AM,2,"Button Change: Detection status of terminal overload 2 is to OFF",2580,0,,,,,,,,
739,31-May-18 11:43:08 AM,1,"Work Data Change: Wire Length is from 3850 to 3725",257,3850,3725,,,,,,,
740,31-May-18 11:43:08 AM,1,"Work Data Change: Strip Length 1 is from 4.5 to 4.8",513,4.5,4.8,,,,,,,
741,31-May-18 11:43:08 AM,1,"Work Data Change: Strip Depth (Open length) is from 0.20 to 0.25",515,0.20,0.25,,,,,,,
742,31-May-18 11:43:08 AM,1,"Work Data Change: Semi-Strip Length 2 is from 3.0 to 0.0",770,3.0,0.0,,,,,,,
743,31-May-18 11:43:08 AM,1,"Work Data Change: Crimp Height 2 is from 0.76 to 0.74",1282,0.76,0.74,,,,,,,
744,31-May-18 11:43:08 AM,1,"Work Data Change: Crimp Side Pos 2 is from -0.2 to -0.3",1283,-0.2,-0.3,,,,,,,
745,31-May-18 11:43:54 AM,2,"Button Change: Crimp 2 Switch is to ON",1282,1,,,,,,,,
746,31-May-18 11:43:54 AM,2,"Button Change: Detection status of crimp error 2 is to ON",2576,1,,,,,,,,
747,31-May-18 11:43:54 AM,2,"Button Change: Detection status of no terminal 2 is to ON",2578,1,,,,,,,,
748,31-May-18 11:43:54 AM,2,"Button Change: Detection status of terminal overload 2 is to ON",2580,1,,,,,,,,
749,31-May-18 11:43:55 AM,2,"Button Change: NORMAL is to OFF",257,0,,,,,,,,
750,31-May-18 11:43:55 AM,2,"Button Change: TEST is to ON",259,1,,,,,,,,
751,31-May-18 11:43:58 AM,3,"Error Message: Defect detection: Side1 miss-strip is Occurred",41,1,,,,,,,,
752,31-May-18 11:43:58 AM,3,"Error Message: Stop before the waster eject is Occurred",70,1,,,,,,,,
753,31-May-18 11:44:01 AM,3,"Error Message: Defect detection: Side1 miss-strip is Cancel",41,0,,,,,,,,
754,31-May-18 11:44:01 AM,3,"Error Message: Stop before the waster eject is Cancel",70,0,,,,,,,,
755,31-May-18 11:44:02 AM,3,"Error Message: Stop before the waster eject is Occurred",70,1,,,,,,,,
756,31-May-18 11:44:03 AM,3,"Error Message: Stop before the waster eject is Cancel",70,0,,,,,,,,
757,31-May-18 11:44:04 AM,2,"Button Change: TEST is to OFF",259,0,,,,,,,,
758,31-May-18 11:44:04 AM,2,"Button Change: EJECT is to ON",258,1,,,,,,,,
759,31-May-18 11:44:05 AM,3,"Error Message: Defect detection: Side 2 miss-strip is Occurred",56,1,,,,,,,,
760,31-May-18 11:44:05 AM,3,"Error Message: Stop before the waster eject is Occurred",70,1,,,,,,,,
761,31-May-18 11:44:09 AM,3,"Error Message: Defect detection: Side 2 miss-strip is Cancel",56,0,,,,,,,,
762,31-May-18 11:44:09 AM,3,"Error Message: Stop before the waster eject is Cancel",70,0,,,,,,,,
763,31-May-18 11:44:10 AM,2,"Button Change: TEST is to ON",259,1,,,,,,,,
764,31-May-18 11:44:10 AM,2,"Button Change: EJECT is to OFF",258,0,,,,,,,,
765,31-May-18 11:44:13 AM,2,"Button Change: TEST is to OFF",259,0,,,,,,,,
766,31-May-18 11:44:13 AM,2,"Button Change: EJECT is to ON",258,1,,,,,,,,
767,31-May-18 11:44:15 AM,3,"Error Message: Stop before the waster eject is Occurred",70,1,,,,,,,,
768,31-May-18 11:44:15 AM,3,"Error Message: Defect detection: Side2 miss-crimp (CFM) is Occurred",82,1,,,,,,,,
769,31-May-18 11:44:16 AM,3,"Error Message: Stop before the waster eject is Cancel",70,0,,,,,,,,
770,31-May-18 11:44:16 AM,3,"Error Message: Defect detection: Side2 miss-crimp (CFM) is Cancel",82,0,,,,,,,,
771,31-May-18 11:44:19 AM,2,"Button Change: CFM Teaching status is to ON",1806,1,,,,,,,,
772,31-May-18 11:44:20 AM,2,"Button Change: TEST is to ON",259,1,,,,,,,,
773,31-May-18 11:44:20 AM,2,"Button Change: EJECT is to OFF",258,0,,,,,,,,
774,31-May-18 11:44:22 AM,2,"Button Change: TEST is to OFF",259,0,,,,,,,,
775,31-May-18 11:44:22 AM,2,"Button Change: EJECT is to ON",258,1,,,,,,,,
776,31-May-18 11:44:38 AM,1,"Work Data Change: Crimp Height 2 is from 0.74 to 0.75",1282,0.74,0.75,,,,,,,
777,31-May-18 11:44:39 AM,2,"Button Change: SAMPLE is to ON",261,1,,,,,,,,
778,31-May-18 11:44:39 AM,2,"Button Change: EJECT is to OFF",258,0,,,,,,,,
779,31-May-18 11:45:08 AM,2,"Button Change: NORMAL is to ON",257,1,,,,,,,,
780,31-May-18 11:45:08 AM,2,"Button Change: SAMPLE is to OFF",261,0,,,,,,,,
781,31-May-18 11:45:15 AM,3,"Error Message: Defect detection: Side 2 miss-strip is Occurred",56,1,,,,,,,,
782,31-May-18 11:45:15 AM,3,"Error Message: Stop before the waster eject is Occurred",70,1,,,,,,,,
783,31-May-18 11:45:19 AM,3,"Error Message: Feed roller is opened is Occurred",114,1,,,,,,,,
784,31-May-18 11:45:36 AM,3,"Error Message: Under switching selector is Occurred",35,1,,,,,,,,
785,31-May-18 11:45:37 AM,3,"Error Message: Under switching selector is Cancel",35,0,,,,,,,,
786,31-May-18 11:46:11 AM,3,"Error Message: Under switching selector is Occurred",35,1,,,,,,,,
787,31-May-18 11:46:38 AM,3,"Error Message: Under switching selector is Cancel",35,0,,,,,,,,
788,31-May-18 11:47:07 AM,3,"Error Message: Feed roller is opened is Cancel",114,0,,,,,,,,
789,31-May-18 11:47:14 AM,3,"Error Message: Defect detection: Side 2 miss-strip is Cancel",56,0,,,,,,,,
790,31-May-18 11:47:14 AM,3,"Error Message: Stop before the waster eject is Cancel",70,0,,,,,,,,
791,31-May-18 11:47:16 AM,3,"Error Message: Defect detection: Side1 miss-strip is Occurred",41,1,,,,,,,,
792,31-May-18 11:47:16 AM,3,"Error Message: Stop before the waster eject is Occurred",70,1,,,,,,,,
793,31-May-18 11:47:16 AM,3,"Error Message: Defect detection: Side1 miss-strip is Cancel",41,0,,,,,,,,
794,31-May-18 11:47:16 AM,3,"Error Message: Stop before the waster eject is Cancel",70,0,,,,,,,,
795,31-May-18 11:47:19 AM,3,"Error Message: Stop before the waster eject is Occurred",70,1,,,,,,,,
796,31-May-18 11:47:20 AM,3,"Error Message: Stop before the waster eject is Cancel",70,0,,,,,,,,
797,31-May-18 11:47:23 AM,2,"Button Change: CFM Teaching status is to OFF",1806,0,,,,,,,,
798,31-May-18 11:55:05 AM,3,"Error Message: Abnormal feed deflection is Occurred",32,1,,,,,,,,
799,31-May-18 11:55:30 AM,3,"Error Message: Feed roller is opened is Occurred",114,1,,,,,,,,
800,31-May-18 12:00:26 PM,3,"Error Message: Abnormal feed deflection is Cancel",32,0,,,,,,,,
801,31-May-18 12:00:27 PM,3,"Error Message: Abnormal feed deflection is Occurred",32,1,,,,,,,,
802,31-May-18 12:00:32 PM,3,"Error Message: Abnormal feed deflection is Cancel",32,0,,,,,,,,
803,31-May-18 12:00:33 PM,3,"Error Message: Abnormal feed deflection is Occurred",32,1,,,,,,,,
804,31-May-18 12:00:48 PM,3,"Error Message: Feed roller is opened is Cancel",114,0,,,,,,,,
805,31-May-18 12:00:50 PM,3,"Error Message: Abnormal feed deflection is Cancel",32,0,,,,,,,,
806,31-May-18 12:03:09 PM,3,"Error Message: Abnormal feed deflection is Occurred",32,1,,,,,,,,
807,31-May-18 12:03:19 PM,3,"Error Message: Feed roller is opened is Occurred",114,1,,,,,,,,
808,31-May-18 12:03:27 PM,3,"Error Message: Feed roller is opened is Cancel",114,0,,,,,,,,
809,31-May-18 12:03:35 PM,3,"Error Message: Abnormal feed deflection is Cancel",32,0,,,,,,,,
810,31-May-18 12:03:40 PM,3,"Error Message: Stop before the waster eject is Occurred",70,1,,,,,,,,
811,31-May-18 12:03:40 PM,3,"Error Message: Stop before the waster eject is Cancel",70,0,,,,,,,,
812,31-May-18 12:06:03 PM,10,"Bank Load: Bank change into 241",241,,,,,,,,,
813,31-May-18 12:06:03 PM,1,"Work Data Change: Wire Feed Speed 1 is from 4.0 to 3.0",2564,4.0,3.0,,,,,,,
814,31-May-18 12:06:03 PM,1,"Work Data Change: Wire Feed Speed 2 is from 4.0 to 3.0",2565,4.0,3.0,,,,,,,
815,31-May-18 12:06:03 PM,2,"Button Change: Crimp 2 Switch is to OFF",1282,0,,,,,,,,
816,31-May-18 12:06:03 PM,1,"Work Data Change: Wire Length is from 3725 to 3150",257,3725,3150,,,,,,,
817,31-May-18 12:06:03 PM,1,"Work Data Change: Strip Length 1 is from 4.8 to 4.6",513,4.8,4.6,,,,,,,
818,31-May-18 12:06:03 PM,2,"Button Change: Detection status of crimp error 2 is to OFF",2576,0,,,,,,,,
819,31-May-18 12:06:03 PM,2,"Button Change: Detection status of no terminal 2 is to OFF",2578,0,,,,,,,,
820,31-May-18 12:06:03 PM,2,"Button Change: Detection status of terminal overload 2 is to OFF",2580,0,,,,,,,,
821,31-May-18 12:06:03 PM,1,"Work Data Change: Crimp Height 2 is from 0.75 to 0.74",1282,0.75,0.74,,,,,,,
822,31-May-18 12:06:03 PM,1,"Work Data Change: Crimp Position 2 is from 10.0 to 10.1",1281,10.0,10.1,,,,,,,
823,31-May-18 12:06:03 PM,1,"Work Data Change: Crimp Side Pos 2 is from -0.3 to 0.0",1283,-0.3,0.0,,,,,,,
824,31-May-18 12:07:04 PM,2,"Button Change: Crimp 2 Switch is to ON",1282,1,,,,,,,,
825,31-May-18 12:07:05 PM,2,"Button Change: Detection status of crimp error 2 is to ON",2576,1,,,,,,,,
826,31-May-18 12:07:05 PM,2,"Button Change: Detection status of no terminal 2 is to ON",2578,1,,,,,,,,
827,31-May-18 12:07:05 PM,2,"Button Change: Detection status of terminal overload 2 is to ON",2580,1,,,,,,,,
828,31-May-18 12:07:06 PM,1,"Work Data Change: Crimp Position 2 is from 10.1 to 10.0",1281,10.1,10.0,,,,,,,
829,31-May-18 12:07:10 PM,2,"Button Change: NORMAL is to OFF",257,0,,,,,,,,
830,31-May-18 12:07:10 PM,2,"Button Change: TEST is to ON",259,1,,,,,,,,
831,31-May-18 12:07:12 PM,2,"Button Change: SAMPLE is to ON",261,1,,,,,,,,
832,31-May-18 12:07:12 PM,2,"Button Change: TEST is to OFF",259,0,,,,,,,,
833,31-May-18 12:07:31 PM,1,"Work Data Change: Crimp Height 2 is from 0.74 to 0.73",1282,0.74,0.73,,,,,,,
834,31-May-18 12:07:53 PM,1,"Work Data Change: Crimp Height 2 is from 0.73 to 0.74",1282,0.73,0.74,,,,,,,
835,31-May-18 12:08:18 PM,1,"Work Data Change: Crimp Height 2 is from 0.74 to 0.75",1282,0.74,0.75,,,,,,,
836,31-May-18 12:08:19 PM,2,"Button Change: NORMAL is to ON",257,1,,,,,,,,
837,31-May-18 12:08:19 PM,2,"Button Change: SAMPLE is to OFF",261,0,,,,,,,,
838,31-May-18 12:11:41 PM,3,"Error Message: Abnormal feed deflection is Occurred",32,1,,,,,,,,
839,31-May-18 12:11:48 PM,3,"Error Message: Feed roller is opened is Occurred",114,1,,,,,,,,
840,31-May-18 12:12:38 PM,3,"Error Message: Feed roller is opened is Cancel",114,0,,,,,,,,
841,31-May-18 12:12:43 PM,3,"Error Message: Abnormal feed deflection is Cancel",32,0,,,,,,,,
842,31-May-18 12:12:47 PM,3,"Error Message: Stop before the waster eject is Occurred",70,1,,,,,,,,
843,31-May-18 12:12:48 PM,3,"Error Message: Stop before the waster eject is Cancel",70,0,,,,,,,,
844,31-May-18 12:19:29 PM,3,"Error Message: Wire joint is Occurred",28,1,,,,,,,,
845,31-May-18 12:19:48 PM,3,"Error Message: Wire joint is Cancel",28,0,,,,,,,,
846,31-May-18 12:19:56 PM,3,"Error Message: Feed roller is opened is Occurred",114,1,,,,,,,,
847,31-May-18 12:20:03 PM,3,"Error Message: Feed roller is opened is Cancel",114,0,,,,,,,,
848,31-May-18 12:21:06 PM,3,"Error Message: Stop before the waster eject is Occurred",70,1,,,,,,,,
849,31-May-18 12:21:06 PM,3,"Error Message: Stop before the waster eject is Cancel",70,0,,,,,,,,
850,31-May-18 12:24:24 PM,3,"Error Message: Feed roller is opened is Occurred",114,1,,,,,,,,
851,31-May-18 12:25:11 PM,3,"Error Message: Under switching selector is Occurred",35,1,,,,,,,,
852,31-May-18 12:25:24 PM,3,"Error Message: Under switching selector is Cancel",35,0,,,,,,,,
853,31-May-18 12:25:46 PM,3,"Error Message: Feed roller is opened is Cancel",114,0,,,,,,,,
854,31-May-18 12:27:10 PM,10,"Bank Load: Bank change into 642",642,,,,,,,,,
855,31-May-18 12:27:10 PM,1,"Work Data Change: Wire Feed Speed 1 is from 3.0 to 10.0",2564,3.0,10.0,,,,,,,
856,31-May-18 12:27:10 PM,1,"Work Data Change: Wire Feed Speed 2 is from 3.0 to 10.0",2565,3.0,10.0,,,,,,,
857,31-May-18 12:27:10 PM,1,"Work Data Change: Wire Length Correction 2 is from 0.3 to 0.0",2562,0.3,0.0,,,,,,,
858,31-May-18 12:27:10 PM,2,"Button Change: Crimp 2 Switch is to OFF",1282,0,,,,,,,,
859,31-May-18 12:27:10 PM,2,"Button Change: Crimp 1 is to ON",770,1,,,,,,,,
860,31-May-18 12:27:10 PM,2,"Button Change: Detection status of crimp error 2 is to OFF",2576,0,,,,,,,,
861,31-May-18 12:27:10 PM,2,"Button Change: Detection status of no terminal 2 is to OFF",2578,0,,,,,,,,
862,31-May-18 12:27:10 PM,2,"Button Change: Detection status of terminal overload 2 is to OFF",2580,0,,,,,,,,
863,31-May-18 12:27:10 PM,1,"Work Data Change: Wire Length is from 3150 to 1195",257,3150,1195,,,,,,,
864,31-May-18 12:27:10 PM,1,"Work Data Change: Strip Length 1 is from 4.6 to 4.0",513,4.6,4.0,,,,,,,
865,31-May-18 12:27:10 PM,1,"Work Data Change: Crimp Height 1 is from 1.50 to 0.54",1026,1.50,0.54,,,,,,,
866,31-May-18 12:27:10 PM,1,"Work Data Change: Crimp Position 1 is from 10.0 to 10.2",1025,10.0,10.2,,,,,,,
867,31-May-18 12:27:10 PM,1,"Work Data Change: Crimp Side Pos 1 is from 0.0 to 0.1",1027,0.0,0.1,,,,,,,
868,31-May-18 12:27:10 PM,1,"Work Data Change: CFM Program No. 1 is from 2 to 1",1029,2,1,,,,,,,
869,31-May-18 12:27:10 PM,1,"Work Data Change: Crimp Position 2 is from 10.0 to 10.1",1281,10.0,10.1,,,,,,,
870,31-May-18 12:27:10 PM,1,"Work Data Change: Crimp Height 2 is from 0.75 to 0.74",1282,0.75,0.74,,,,,,,
871,31-May-18 12:27:10 PM,1,"Work Data Change: CFM Program No. 2 is from 2 to 1",1285,2,1,,,,,,,
872,31-May-18 12:27:10 PM,1,"Work Data Change: Wire Feed Speed 3 is from 4.0 to 10.0",2566,4.0,10.0,,,,,,,
873,31-May-18 12:28:21 PM,2,"Button Change: Crimp 1 is to OFF",770,0,,,,,,,,
874,31-May-18 12:28:22 PM,2,"Button Change: Strip 1 is to OFF",769,0,,,,,,,,
875,31-May-18 12:28:22 PM,2,"Button Change: Detection status of strip error 1 is to OFF",2573,0,,,,,,,,
876,31-May-18 12:28:22 PM,2,"Button Change: Strip 1 is to ON",769,1,,,,,,,,
877,31-May-18 12:28:23 PM,2,"Button Change: Detection status of strip error 1 is to ON",2573,1,,,,,,,,
878,31-May-18 12:28:25 PM,2,"Button Change: Crimp 2 Switch is to ON",1282,1,,,,,,,,
879,31-May-18 12:28:25 PM,2,"Button Change: Detection status of crimp error 2 is to ON",2576,1,,,,,,,,
880,31-May-18 12:28:25 PM,2,"Button Change: Detection status of no terminal 2 is to ON",2578,1,,,,,,,,
881,31-May-18 12:28:25 PM,2,"Button Change: Detection status of terminal overload 2 is to ON",2580,1,,,,,,,,
882,31-May-18 12:28:27 PM,1,"Work Data Change: Crimp Position 2 is from 10.1 to 10.0",1281,10.1,10.0,,,,,,,
883,31-May-18 12:28:31 PM,2,"Button Change: NORMAL is to OFF",257,0,,,,,,,,
884,31-May-18 12:28:31 PM,2,"Button Change: TEST is to ON",259,1,,,,,,,,
885,31-May-18 12:28:34 PM,3,"Error Message: Defect detection: Side1 miss-strip is Occurred",41,1,,,,,,,,
886,31-May-18 12:28:34 PM,3,"Error Message: Stop before the waster eject is Occurred",70,1,,,,,,,,
887,31-May-18 12:28:35 PM,3,"Error Message: Defect detection: Side1 miss-strip is Cancel",41,0,,,,,,,,
888,31-May-18 12:28:35 PM,3,"Error Message: Stop before the waster eject is Cancel",70,0,,,,,,,,
889,31-May-18 12:28:39 PM,3,"Error Message: Stop before the waster eject is Occurred",70,1,,,,,,,,
890,31-May-18 12:28:39 PM,2,"Button Change: TEST is to OFF",259,0,,,,,,,,
891,31-May-18 12:28:39 PM,2,"Button Change: EJECT is to ON",258,1,,,,,,,,
892,31-May-18 12:28:40 PM,3,"Error Message: Stop before the waster eject is Cancel",70,0,,,,,,,,
893,31-May-18 12:28:53 PM,1,"Work Data Change: Strip Length 1 is from 4.0 to 4.1",513,4.0,4.1,,,,,,,
894,31-May-18 12:30:01 PM,2,"Button Change: SAMPLE is to ON",261,1,,,,,,,,
895,31-May-18 12:30:01 PM,2,"Button Change: EJECT is to OFF",258,0,,,,,,,,
896,31-May-18 12:30:03 PM,3,"Error Message: Defect detection: Side1 miss-strip is Occurred",41,1,,,,,,,,
897,31-May-18 12:30:04 PM,3,"Error Message: Defect detection: Side1 miss-strip is Cancel",41,0,,,,,,,,
898,31-May-18 12:30:06 PM,2,"Button Change: Strip teaching status 1 is to ON",2053,1,,,,,,,,
899,31-May-18 12:30:06 PM,2,"Button Change: Strip teaching status 2 is to ON",2055,1,,,,,,,,
900,31-May-18 12:30:10 PM,2,"Button Change: Strip teaching status 2 is to OFF",2055,0,,,,,,,,
901,31-May-18 12:30:10 PM,3,"Error Message: Eject the teaching wire. is Occurred",80,1,,,,,,,,
902,31-May-18 12:30:10 PM,2,"Button Change: Strip teaching status 1 is to OFF",2053,0,,,,,,,,
903,31-May-18 12:30:11 PM,3,"Error Message: Eject the teaching wire. is Cancel",80,0,,,,,,,,
904,31-May-18 12:30:13 PM,3,"Error Message: Eject the teaching wire. is Occurred",80,1,,,,,,,,
905,31-May-18 12:30:13 PM,3,"Error Message: Eject the teaching wire. is Cancel",80,0,,,,,,,,
906,31-May-18 12:30:30 PM,1,"Work Data Change: Crimp Height 2 is from 0.74 to 0.75",1282,0.74,0.75,,,,,,,
907,31-May-18 12:30:36 PM,2,"Button Change: NORMAL is to ON",257,1,,,,,,,,
908,31-May-18 12:30:36 PM,2,"Button Change: SAMPLE is to OFF",261,0,,,,,,,,
909,31-May-18 12:30:52 PM,1,"Work Data Change: Strip Length 1 is from 4.1 to 4.2",513,4.1,4.2,,,,,,,
910,31-May-18 12:33:55 PM,3,"Error Message: Feed roller is opened is Occurred",114,1,,,,,,,,
911,31-May-18 12:34:44 PM,10,"Bank Load: Bank change into 39",39,,,,,,,,,
912,31-May-18 12:34:44 PM,1,"Work Data Change: Wire Feed Speed 1 is from 10.0 to 6.0",2564,10.0,6.0,,,,,,,
913,31-May-18 12:34:44 PM,1,"Work Data Change: Wire Length Correction 1 is from 0.0 to 0.3",2561,0.0,0.3,,,,,,,
914,31-May-18 12:34:44 PM,1,"Work Data Change: Wire Feed Speed 2 is from 10.0 to 6.0",2565,10.0,6.0,,,,,,,
915,31-May-18 12:34:44 PM,1,"Work Data Change: Wire Length Correction 2 is from 0.0 to 0.3",2562,0.0,0.3,,,,,,,
916,31-May-18 12:34:44 PM,2,"Button Change: Crimp 2 Switch is to OFF",1282,0,,,,,,,,
917,31-May-18 12:34:44 PM,2,"Button Change: Crimp 1 is to ON",770,1,,,,,,,,
918,31-May-18 12:34:44 PM,2,"Button Change: Detection status of crimp error 2 is to OFF",2576,0,,,,,,,,
919,31-May-18 12:34:44 PM,2,"Button Change: Detection status of no terminal 2 is to OFF",2578,0,,,,,,,,
920,31-May-18 12:34:44 PM,2,"Button Change: Detection status of terminal overload 2 is to OFF",2580,0,,,,,,,,
921,31-May-18 12:34:44 PM,1,"Work Data Change: Wire Length is from 1195 to 1185",257,1195,1185,,,,,,,
922,31-May-18 12:34:44 PM,2,"Button Change: Side 2 Back recramp is to OFF",1547,0,,,,,,,,
923,31-May-18 12:34:44 PM,1,"Work Data Change: Strip Length 1 is from 4.2 to 4.5",513,4.2,4.5,,,,,,,
924,31-May-18 12:34:44 PM,1,"Work Data Change: Crimp Position 1 is from 10.2 to 10.5",1025,10.2,10.5,,,,,,,
925,31-May-18 12:34:44 PM,1,"Work Data Change: Strip Length 2 is from 3.2 to 3.3",769,3.2,3.3,,,,,,,
926,31-May-18 12:34:44 PM,1,"Work Data Change: Crimp Height 1 is from 0.54 to 0.46",1026,0.54,0.46,,,,,,,
927,31-May-18 12:34:44 PM,1,"Work Data Change: Crimp Side Pos 1 is from 0.1 to 0.0",1027,0.1,0.0,,,,,,,
928,31-May-18 12:34:44 PM,1,"Work Data Change: Crimp Position 2 is from 10.0 to 10.1",1281,10.0,10.1,,,,,,,
929,31-May-18 12:34:44 PM,1,"Work Data Change: Crimp Height 2 is from 0.75 to 0.74",1282,0.75,0.74,,,,,,,
930,31-May-18 12:34:44 PM,1,"Work Data Change: Wire Feed Speed 3 is from 10.0 to 8.0",2566,10.0,8.0,,,,,,,
931,31-May-18 12:36:56 PM,3,"Error Message: Under switching selector is Occurred",35,1,,,,,,,,
932,31-May-18 12:37:08 PM,10,"Bank Load: Bank change into 12",12,,,,,,,,,
933,31-May-18 12:37:08 PM,1,"Work Data Change: Wire Feed Speed 1 is from 6.0 to 8.0",2564,6.0,8.0,,,,,,,
934,31-May-18 12:37:08 PM,1,"Work Data Change: Wire Length Correction 1 is from 0.3 to 0.0",2561,0.3,0.0,,,,,,,
935,31-May-18 12:37:08 PM,1,"Work Data Change: Wire Feed Speed 2 is from 6.0 to 8.0",2565,6.0,8.0,,,,,,,
936,31-May-18 12:37:08 PM,1,"Work Data Change: Wire Length Correction 2 is from 0.3 to 0.0",2562,0.3,0.0,,,,,,,
937,31-May-18 12:37:08 PM,1,"Work Data Change: Wire Length is from 1185 to 1230",257,1185,1230,,,,,,,
938,31-May-18 12:37:08 PM,2,"Button Change: Side 2 Back recramp is to ON",1547,1,,,,,,,,
939,31-May-18 12:37:08 PM,1,"Work Data Change: Semi-Strip Length 1 is from 0.0 to 3.0",514,0.0,3.0,,,,,,,
940,31-May-18 12:37:08 PM,1,"Work Data Change: CFM Program No. 1 is from 1 to 2",1029,1,2,,,,,,,
941,31-May-18 12:37:08 PM,1,"Work Data Change: Crimp Position 2 is from 10.1 to 10.0",1281,10.1,10.0,,,,,,,
942,31-May-18 12:37:08 PM,1,"Work Data Change: Crimp Height 2 is from 0.74 to 0.73",1282,0.74,0.73,,,,,,,
943,31-May-18 12:37:08 PM,1,"Work Data Change: CFM Program No. 2 is from 1 to 2",1285,1,2,,,,,,,
944,31-May-18 12:37:29 PM,3,"Error Message: Under switching selector is Cancel",35,0,,,,,,,,
945,31-May-18 12:37:58 PM,3,"Error Message: Feed roller is opened is Cancel",114,0,,,,,,,,
946,31-May-18 12:39:03 PM,2,"Button Change: Crimp 1 Switch is to ON",1281,1,,,,,,,,
947,31-May-18 12:39:03 PM,2,"Button Change: Detection status of crimp error 1 is to ON",2575,1,,,,,,,,
948,31-May-18 12:39:03 PM,2,"Button Change: Detection status of no terminal 1 is to ON",2577,1,,,,,,,,
949,31-May-18 12:39:03 PM,2,"Button Change: Detection status of terminal overload 1 is to ON",2579,1,,,,,,,,
950,31-May-18 12:39:04 PM,2,"Button Change: Crimp 2 Switch is to ON",1282,1,,,,,,,,
951,31-May-18 12:39:04 PM,2,"Button Change: Detection status of crimp error 2 is to ON",2576,1,,,,,,,,
952,31-May-18 12:39:04 PM,2,"Button Change: Detection status of no terminal 2 is to ON",2578,1,,,,,,,,
953,31-May-18 12:39:04 PM,2,"Button Change: Detection status of terminal overload 2 is to ON",2580,1,,,,,,,,
954,31-May-18 12:39:07 PM,1,"Work Data Change: Strip Length 1 is from 4.5 to 4.4",513,4.5,4.4,,,,,,,
955,31-May-18 12:39:09 PM,2,"Button Change: NORMAL is to OFF",257,0,,,,,,,,
956,31-May-18 12:39:09 PM,2,"Button Change: TEST is to ON",259,1,,,,,,,,
957,31-May-18 12:39:13 PM,3,"Error Message: Stop before the waster eject is Occurred",70,1,,,,,,,,
958,31-May-18 12:39:13 PM,3,"Error Message: Defect detection: Side1 miss-crimp (CFM) is Occurred",81,1,,,,,,,,
959,31-May-18 12:39:14 PM,3,"Error Message: Stop before the waster eject is Cancel",70,0,,,,,,,,
960,31-May-18 12:39:14 PM,3,"Error Message: Defect detection: Side1 miss-crimp (CFM) is Cancel",81,0,,,,,,,,
961,31-May-18 12:39:15 PM,2,"Button Change: TEST is to OFF",259,0,,,,,,,,
962,31-May-18 12:39:15 PM,2,"Button Change: EJECT is to ON",258,1,,,,,,,,
963,31-May-18 12:39:17 PM,3,"Error Message: Stop before the waster eject is Occurred",70,1,,,,,,,,
964,31-May-18 12:39:18 PM,3,"Error Message: Stop before the waster eject is Cancel",70,0,,,,,,,,
965,31-May-18 12:39:22 PM,2,"Button Change: CFM Teaching status is to ON",1806,1,,,,,,,,
966,31-May-18 12:39:23 PM,2,"Button Change: TEST is to ON",259,1,,,,,,,,
967,31-May-18 12:39:23 PM,2,"Button Change: EJECT is to OFF",258,0,,,,,,,,
968,31-May-18 12:39:26 PM,3,"Error Message: Defect detection: Side 2 miss-strip is Occurred",56,1,,,,,,,,
969,31-May-18 12:39:26 PM,3,"Error Message: Stop before the waster eject is Occurred",70,1,,,,,,,,
970,31-May-18 12:39:27 PM,3,"Error Message: Defect detection: Side 2 miss-strip is Cancel",56,0,,,,,,,,
971,31-May-18 12:39:27 PM,3,"Error Message: Stop before the waster eject is Cancel",70,0,,,,,,,,
972,31-May-18 12:39:28 PM,2,"Button Change: TEST is to OFF",259,0,,,,,,,,
973,31-May-18 12:39:28 PM,2,"Button Change: EJECT is to ON",258,1,,,,,,,,
974,31-May-18 12:39:50 PM,1,"Work Data Change: Crimp Height 2 is from 0.73 to 0.75",1282,0.73,0.75,,,,,,,
975,31-May-18 12:39:51 PM,2,"Button Change: TEST is to ON",259,1,,,,,,,,
976,31-May-18 12:39:51 PM,2,"Button Change: EJECT is to OFF",258,0,,,,,,,,
977,31-May-18 12:39:53 PM,2,"Button Change: TEST is to OFF",259,0,,,,,,,,
978,31-May-18 12:39:53 PM,2,"Button Change: EJECT is to ON",258,1,,,,,,,,
979,31-May-18 12:39:54 PM,3,"Error Message: Defect detection: Side 2 miss-strip is Occurred",56,1,,,,,,,,
980,31-May-18 12:39:54 PM,3,"Error Message: Stop before the waster eject is Occurred",70,1,,,,,,,,
981,31-May-18 12:39:55 PM,3,"Error Message: Defect detection: Side 2 miss-strip is Cancel",56,0,,,,,,,,
982,31-May-18 12:39:55 PM,3,"Error Message: Stop before the waster eject is Cancel",70,0,,,,,,,,
983,31-May-18 12:39:57 PM,2,"Button Change: TEST is to ON",259,1,,,,,,,,
984,31-May-18 12:39:57 PM,2,"Button Change: EJECT is to OFF",258,0,,,,,,,,
985,31-May-18 12:42:44 PM,2,"Button Change: CFM Teaching status is to OFF",1806,0,,,,,,,,
986,31-May-18 12:43:07 PM,2,"Button Change: SAMPLE is to ON",261,1,,,,,,,,
987,31-May-18 12:43:07 PM,2,"Button Change: TEST is to OFF",259,0,,,,,,,,
988,31-May-18 12:43:41 PM,2,"Button Change: NORMAL is to ON",257,1,,,,,,,,
989,31-May-18 12:43:41 PM,2,"Button Change: SAMPLE is to OFF",261,0,,,,,,,,
990,31-May-18 12:43:48 PM,3,"Error Message: Defect detection: Side1 miss-crimp (CFM) is Occurred",81,1,,,,,,,,
991,31-May-18 12:44:03 PM,3,"Error Message: Defect detection: Side1 miss-crimp (CFM) is Cancel",81,0,,,,,,,,
992,31-May-18 12:44:06 PM,3,"Error Message: Stop before the waster eject is Occurred",70,1,,,,,,,,
993,31-May-18 12:44:06 PM,3,"Error Message: Stop before the waster eject is Cancel",70,0,,,,,,,,
994,31-May-18 12:45:05 PM,1,"Work Data Change: Crimp Position 2 is from 10.0 to 9.9",1281,10.0,9.9,,,,,,,
995,31-May-18 12:51:31 PM,10,"Bank Load: Bank change into 890",890,,,,,,,,,
996,31-May-18 12:51:31 PM,1,"Work Data Change: Wire Length Correction 1 is from 0.0 to 0.3",2561,0.0,0.3,,,,,,,
997,31-May-18 12:51:31 PM,1,"Work Data Change: Wire Feed Speed 2 is from 8.0 to 10.0",2565,8.0,10.0,,,,,,,
998,31-May-18 12:51:31 PM,1,"Work Data Change: Wire Length Correction 2 is from 0.0 to 0.3",2562,0.0,0.3,,,,,,,
999,31-May-18 12:51:31 PM,2,"Button Change: Crimp 1 Switch is to OFF",1281,0,,,,,,,,
1000,31-May-18 12:51:31 PM,2,"Button Change: Detection status of crimp error 1 is to OFF",2575,0,,,,,,,,
