Id	Date	Unknown	Message	Code	Parameter_from	
0	30/05/2018 10:26:34	10	Bank Load: Bank change into 303	303		
1	30/05/2018 10:28:25	2	Button Change: NORMAL is to OFF	257	0	
2	30/05/2018 10:28:25	2	Button Change: SAMPLE is to ON	261	1	
3	30/05/2018 10:28:39	2	Button Change: Crimp 1 Switch is to ON	1281	1	
4	30/05/2018 10:28:39	2	Button Change: Detection status of crimp error 1 is to ON	2575	1	
5	30/05/2018 10:28:39	2	Button Change: Detection status of no terminal 1 is to ON	2577	1	
6	30/05/2018 10:28:39	2	Button Change: Detection status of terminal overload 1 is to ON	2579	1	
7	30/05/2018 10:28:41	2	Button Change: Crimp 2 Switch is to ON	1282	1	
8	30/05/2018 10:28:41	2	Button Change: Detection status of crimp error 2 is to ON	2576	1	
9	30/05/2018 10:28:41	2	Button Change: Detection status of no terminal 2 is to ON	2578	1	
10	30/05/2018 10:28:41	2	Button Change: Detection status of terminal overload 2 is to ON	2580	1	
11	30/05/2018 10:29:36	2	Button Change: SAMPLE is to OFF	261	0	
12	30/05/2018 10:29:36	2	Button Change: SAMPLE2 is to ON	262	1	
13	30/05/2018 10:32:18	2	Button Change: NORMAL is to ON	257	1	
14	30/05/2018 10:32:18	2	Button Change: SAMPLE2 is to OFF	262	0	
15	30/05/2018 10:42:05	10	Bank Load: Bank change into 755	755		
16	30/05/2018 10:42:05	1	Work Data Change: Wire Length Correction 1 is from 0.0 to 1.7	2561	0	1.7
17	30/05/2018 10:42:05	1	Work Data Change: Wire Length Correction 2 is from 1.7 to 0.0	2562	1.7	0
18	30/05/2018 10:42:05	1	Work Data Change: Wire Length Correction 3 is from 0.7 to 0.0	2563	0.7	0
19	30/05/2018 10:42:05	2	Button Change: Crimp 1 Switch is to OFF	1281	0	
20	30/05/2018 10:42:05	2	Button Change: Detection status of crimp error 1 is to OFF	2575	0	
21	30/05/2018 10:42:05	2	Button Change: Detection status of no terminal 1 is to OFF	2577	0	
22	30/05/2018 10:42:05	2	Button Change: Detection status of terminal overload 1 is to OFF	2579	0	
23	30/05/2018 10:42:05	2	Button Change: Strip 1 is to OFF	769	0	
24	30/05/2018 10:42:05	2	Button Change: Crimp 1 is to OFF	770	0	
25	30/05/2018 10:42:05	2	Button Change: Crimp 2 Switch is to OFF	1282	0	
26	30/05/2018 10:42:05	2	Button Change: Detection status of crimp error 2 is to OFF	2576	0	
27	30/05/2018 10:42:05	2	Button Change: Detection status of no terminal 2 is to OFF	2578	0	
28	30/05/2018 10:42:05	2	Button Change: Detection status of terminal overload 2 is to OFF	2580	0	
29	30/05/2018 10:42:05	2	Button Change: Detection status of strip error 1 is to OFF	2573	0	
30	30/05/2018 10:42:05	2	Button Change: Strip 2 is to OFF	1025	0	
31	30/05/2018 10:42:05	2	Button Change: Crimp 2 is to OFF	1026	0	
32	30/05/2018 10:42:05	2	Button Change: Detection status of strip error 2 is to OFF	2574	0	
33	30/05/2018 10:42:05	1	Work Data Change: Wire Length is from 440 to 100	257	440	100
34	30/05/2018 10:42:05	1	Work Data Change: Strip Length 1 is from 3.7 to 0.0	513	3.7	0
35	30/05/2018 10:42:05	1	Work Data Change: Strip Depth (Open length) is from 0.24 to 1.00	515	0.24	1
36	30/05/2018 10:42:05	1	Work Data Change: Strip Length 2 is from 4.7 to 0.0	769	4.7	0
37	30/05/2018 10:42:05	1	Work Data Change: Crimp Position 1 is from 10.5 to 10.0	1025	10.5	10
38	30/05/2018 10:42:06	1	Work Data Change: Crimp Height 1 is from 1.14 to 1.50	1026	1.14	1.5
39	30/05/2018 10:42:06	1	Work Data Change: Crimp Position 2 is from 9.5 to 10.0	1281	9.5	10
40	30/05/2018 10:42:06	1	Work Data Change: Crimp Height 2 is from 0.54 to 1.50	1282	0.54	1.5
41	30/05/2018 10:42:06	1	Work Data Change: Wire Length Correction 1 is from 1.7 to 0.0	2561	1.7	0
42	30/05/2018 10:44:29	1	Work Data Change: Wire Length is from 100 to 1095	257	100	1095
43	30/05/2018 10:44:29	1	Work Data Change: Strip Length 1 is from 0.0 to 3.5	513	0	3.5
44	30/05/2018 10:44:29	1	Work Data Change: Strip Length 2 is from 0.0 to 5.0	769	0	5
45	30/05/2018 10:44:42	2	Button Change: Strip 1 is to ON	769	1	
46	30/05/2018 10:44:42	2	Button Change: Detection status of strip error 1 is to ON	2573	1	
47	30/05/2018 10:44:44	2	Button Change: Strip 2 is to ON	1025	1	
48	30/05/2018 10:44:44	2	Button Change: Detection status of strip error 2 is to ON	2574	1	
49	30/05/2018 10:44:48	2	Button Change: Crimp 2 is to ON	1026	1	
50	30/05/2018 10:45:16	1	Work Data Change: Strip Depth (Open length) is from 1.00 to 0.24	515	1	0.24
51	30/05/2018 10:45:17	2	Button Change: NORMAL is to OFF	257	0	
52	30/05/2018 10:45:17	2	Button Change: SAMPLE is to ON	261	1	
53	30/05/2018 10:45:32	2	Button Change: Crimp 2 Switch is to ON	1282	1	
54	30/05/2018 10:45:32	2	Button Change: Detection status of crimp error 2 is to ON	2576	1	
55	30/05/2018 10:45:32	2	Button Change: Detection status of no terminal 2 is to ON	2578	1	
56	30/05/2018 10:45:32	2	Button Change: Detection status of terminal overload 2 is to ON	2580	1	
57	30/05/2018 10:45:37	3	Error Message: Stop before the waster eject is Occurred	70	1	
58	30/05/2018 10:45:37	3	Error Message: Defect detection: Side2 miss-crimp (CFM) is Occurred	82	1	
59	30/05/2018 10:45:39	3	Error Message: Stop before the waster eject is Cancel	70	0	
60	30/05/2018 10:45:39	3	Error Message: Defect detection: Side2 miss-crimp (CFM) is Cancel	82	0	
61	30/05/2018 10:46:01	1	Work Data Change: Crimp Height 2 is from 1.50 to 1.10	1282	1.5	1.1
62	30/05/2018 10:46:27	2	Button Change: CFM Teaching status is to ON	1806	1	
63	30/05/2018 10:46:44	1	Work Data Change: Crimp Height 2 is from 1.10 to 0.79	1282	1.1	0.79
64	30/05/2018 10:47:01	1	Work Data Change: Crimp Height 2 is from 0.79 to 0.65	1282	0.79	0.65
65	30/05/2018 10:47:06	1	Work Data Change: Crimp Position 2 is from 10.0 to 9.4	1281	10	9.4
66	30/05/2018 10:47:09	3	Error Message: Stop before the waster eject is Occurred	70	1	
67	30/05/2018 10:47:09	3	Error Message: Defect detection: Side2 miss-crimp (CFM) is Occurred	82	1	
68	30/05/2018 10:47:11	3	Error Message: Stop before the waster eject is Cancel	70	0	
69	30/05/2018 10:47:11	3	Error Message: Defect detection: Side2 miss-crimp (CFM) is Cancel	82	0	
70	30/05/2018 10:47:29	1	Work Data Change: Crimp Height 2 is from 0.65 to 0.59	1282	0.65	0.59
71	30/05/2018 10:48:06	1	Work Data Change: Crimp Height 2 is from 0.59 to 0.57	1282	0.59	0.57
72	30/05/2018 10:48:24	1	Work Data Change: Strip Length 2 is from 5.0 to 4.8	769	5	4.8
73	30/05/2018 10:48:35	2	Button Change: NORMAL is to ON	257	1	
74	30/05/2018 10:48:35	2	Button Change: SAMPLE is to OFF	261	0	
75	30/05/2018 10:48:47	2	Button Change: CFM Teaching status is to OFF	1806	0	
76	30/05/2018 10:52:14	10	Bank Load: Bank change into 48	48		
77	30/05/2018 10:52:14	1	Work Data Change: Wire Feed Speed 3 is from 3.0 to 4.0	2566	3	4
78	30/05/2018 10:52:14	1	Work Data Change: Wire Length Correction 3 is from 0.0 to 0.6	2563	0	0.6
79	30/05/2018 10:52:14	2	Button Change: Crimp 2 Switch is to OFF	1282	0	
80	30/05/2018 10:52:14	2	Button Change: Crimp 1 is to ON	770	1	
81	30/05/2018 10:52:14	2	Button Change: Detection status of crimp error 2 is to OFF	2576	0	
82	30/05/2018 10:52:14	2	Button Change: Detection status of no terminal 2 is to OFF	2578	0	
83	30/05/2018 10:52:14	2	Button Change: Detection status of terminal overload 2 is to OFF	2580	0	
84	30/05/2018 10:52:14	2	Button Change: Crimp 2 is to OFF	1026	0	
85	30/05/2018 10:52:14	1	Work Data Change: Wire Length is from 1095 to 440	257	1095	440
86	30/05/2018 10:52:14	1	Work Data Change: Strip Length 1 is from 3.5 to 3.4	513	3.5	3.4
87	30/05/2018 10:52:14	1	Work Data Change: Strip Length 2 is from 4.8 to 5.2	769	4.8	5.2
88	30/05/2018 10:52:14	1	Work Data Change: Crimp Position 1 is from 10.0 to 10.2	1025	10	10.2
89	30/05/2018 10:52:14	1	Work Data Change: Semi-Strip Length 2 is from 0.0 to 6.6	770	0	6.6
90	30/05/2018 10:52:14	1	Work Data Change: Crimp Height 1 is from 1.50 to 1.12	1026	1.5	1.12
91	30/05/2018 10:52:14	1	Work Data Change: Crimp Position 2 is from 9.4 to 10.0	1281	9.4	10
92	30/05/2018 10:52:14	1	Work Data Change: Wire Length Correction 2 is from 0.0 to 1.6	2562	0	1.6
93	30/05/2018 10:52:14	1	Work Data Change: Crimp Height 2 is from 0.57 to 1.50	1282	0.57	1.5
94	30/05/2018 10:54:06	2	Button Change: NORMAL is to OFF	257	0	
95	30/05/2018 10:54:06	2	Button Change: SAMPLE is to ON	261	1	
96	30/05/2018 10:54:10	2	Button Change: CFM Teaching status is to ON	1806	1	
97	30/05/2018 10:54:29	2	Button Change: Crimp 1 Switch is to ON	1281	1	
98	30/05/2018 10:54:29	2	Button Change: Detection status of crimp error 1 is to ON	2575	1	
99	30/05/2018 10:54:29	2	Button Change: Detection status of no terminal 1 is to ON	2577	1	
100	30/05/2018 10:54:29	2	Button Change: Detection status of terminal overload 1 is to ON	2579	1	
101	30/05/2018 10:54:51	1	Work Data Change: Crimp Position 1 is from 10.2 to 10.4	1025	10.2	10.4
102	30/05/2018 10:55:06	1	Work Data Change: Strip Length 1 is from 3.4 to 3.6	513	3.4	3.6
103	30/05/2018 10:55:52	1	Work Data Change: Strip Length 1 is from 3.6 to 3.8	513	3.6	3.8
104	30/05/2018 10:55:52	1	Work Data Change: Strip Length 2 is from 5.2 to 4.8	769	5.2	4.8
105	30/05/2018 10:56:13	3	Error Message: Air pressure drop is Occurred	23	1	
106	30/05/2018 10:57:03	3	Error Message: Air pressure drop is Cancel	23	0	
107	30/05/2018 10:57:11	1	Work Data Change: Crimp Position 1 is from 10.4 to 10.5	1025	10.4	10.5
108	30/05/2018 10:57:26	1	Work Data Change: Crimp Position 1 is from 10.5 to 10.6	1025	10.5	10.6
109	30/05/2018 10:57:30	2	Button Change: CFM Teaching status is to OFF	1806	0	
110	30/05/2018 10:58:28	2	Button Change: SAMPLE is to OFF	261	0	
111	30/05/2018 10:58:28	2	Button Change: SAMPLE2 is to ON	262	1	
112	30/05/2018 11:00:34	2	Button Change: NORMAL is to ON	257	1	
113	30/05/2018 11:00:34	2	Button Change: SAMPLE2 is to OFF	262	0	
114	30/05/2018 11:10:00	10	Bank Load: Bank change into 47	47		
115	30/05/2018 11:10:00	1	Work Data Change: Wire Feed Speed 1 is from 3.0 to 2.0	2564	3	2
116	30/05/2018 11:10:00	1	Work Data Change: Wire Length Correction 1 is from 0.0 to 6.4	2561	0	6.4
117	30/05/2018 11:10:00	1	Work Data Change: Wire Length Correction 2 is from 1.6 to 1.5	2562	1.6	1.5
118	30/05/2018 11:10:00	1	Work Data Change: Wire Feed Speed 3 is from 4.0 to 3.0	2566	4	3
119	30/05/2018 11:10:00	1	Work Data Change: Wire Length Correction 3 is from 0.6 to 1.6	2563	0.6	1.6
120	30/05/2018 11:10:00	2	Button Change: Crimp 1 Switch is to OFF	1281	0	
121	30/05/2018 11:10:00	1	Work Data Change: Wire Length is from 440 to 890	257	440	890
122	30/05/2018 11:10:00	2	Button Change: Detection status of crimp error 1 is to OFF	2575	0	
123	30/05/2018 11:10:00	2	Button Change: Detection status of no terminal 1 is to OFF	2577	0	
124	30/05/2018 11:10:00	2	Button Change: Detection status of terminal overload 1 is to OFF	2579	0	
125	30/05/2018 11:10:00	1	Work Data Change: Strip Length 1 is from 3.8 to 3.6	513	3.8	3.6
126	30/05/2018 11:10:00	1	Work Data Change: Strip Length 2 is from 4.8 to 6.5	769	4.8	6.5
127	30/05/2018 11:10:00	1	Work Data Change: Crimp Position 1 is from 10.6 to 10.4	1025	10.6	10.4
128	30/05/2018 11:10:00	1	Work Data Change: Semi-Strip Length 2 is from 6.6 to 0.0	770	6.6	0
129	30/05/2018 11:10:00	1	Work Data Change: Crimp Height 1 is from 1.12 to 1.14	1026	1.12	1.14
130	30/05/2018 11:10:00	1	Work Data Change: Crimp Position 2 is from 10.0 to 9.1	1281	10	9.1
131	30/05/2018 11:10:00	1	Work Data Change: Crimp Height 2 is from 1.50 to 0.72	1282	1.5	0.72
132	30/05/2018 11:10:00	1	Work Data Change: Wire Feed Speed 3 is from 3.0 to 5.0	2566	3	5
133	30/05/2018 11:10:00	1	Work Data Change: Wire Length Correction 3 is from 1.6 to 0.6	2563	1.6	0.6
134	30/05/2018 11:10:48	2	Button Change: NORMAL is to OFF	257	0	
135	30/05/2018 11:10:48	2	Button Change: SAMPLE is to ON	261	1	
136	30/05/2018 11:10:50	2	Button Change: Crimp 1 Switch is to ON	1281	1	
137	30/05/2018 11:10:50	2	Button Change: Detection status of crimp error 1 is to ON	2575	1	
138	30/05/2018 11:10:50	2	Button Change: Detection status of no terminal 1 is to ON	2577	1	
139	30/05/2018 11:10:50	2	Button Change: Detection status of terminal overload 1 is to ON	2579	1	
140	30/05/2018 11:11:33	1	Work Data Change: Strip Length 2 is from 6.5 to 6.1	769	6.5	6.1
141	30/05/2018 11:11:39	3	Error Message: Defect detection: Side1 miss-crimp (CFM) is Occurred	81	1	
142	30/05/2018 11:11:44	3	Error Message: Defect detection: Side1 miss-crimp (CFM) is Cancel	81	0	
143	30/05/2018 11:11:46	3	Error Message: Stop before the waster eject is Occurred	70	1	
144	30/05/2018 11:11:49	3	Error Message: Stop before the waster eject is Cancel	70	0	
145	30/05/2018 11:12:39	2	Button Change: SAMPLE is to OFF	261	0	
146	30/05/2018 11:12:39	2	Button Change: SAMPLE2 is to ON	262	1	
147	30/05/2018 11:13:08	3	Error Message: Defect detection: Side1 miss-crimp (CFM) is Occurred	81	1	
148	30/05/2018 11:13:11	3	Error Message: Defect detection: Side1 miss-crimp (CFM) is Cancel	81	0	
149	30/05/2018 11:13:16	3	Error Message: Stop before the waster eject is Occurred	70	1	
150	30/05/2018 11:13:17	3	Error Message: Stop before the waster eject is Cancel	70	0	
151	30/05/2018 11:13:32	1	Work Data Change: Crimp Position 1 is from 10.4 to 10.5	1025	10.4	10.5
152	30/05/2018 11:16:01	2	Button Change: NORMAL is to ON	257	1	
153	30/05/2018 11:16:01	2	Button Change: SAMPLE2 is to OFF	262	0	
154	30/05/2018 11:16:03	3	Error Message: Defect detection: Side1 miss-crimp (CFM) is Occurred	81	1	
155	30/05/2018 11:16:06	3	Error Message: Defect detection: Side1 miss-crimp (CFM) is Cancel	81	0	
156	30/05/2018 11:16:14	2	Button Change: CFM Teaching status is to ON	1806	1	
157	30/05/2018 11:16:18	3	Error Message: Stop before the waster eject is Occurred	70	1	
158	30/05/2018 11:16:20	3	Error Message: Stop before the waster eject is Cancel	70	0	
159	30/05/2018 11:16:26	2	Button Change: CFM Teaching status is to OFF	1806	0	
160	30/05/2018 11:25:05	10	Bank Load: Bank change into 47	47		
161	30/05/2018 11:25:05	2	Button Change: Crimp 1 Switch is to OFF	1281	0	
162	30/05/2018 11:25:05	2	Button Change: Detection status of crimp error 1 is to OFF	2575	0	
163	30/05/2018 11:25:05	2	Button Change: Detection status of no terminal 1 is to OFF	2577	0	
164	30/05/2018 11:25:05	2	Button Change: Detection status of terminal overload 1 is to OFF	2579	0	
165	30/05/2018 11:25:40	2	Button Change: NORMAL is to OFF	257	0	
166	30/05/2018 11:25:40	2	Button Change: SAMPLE is to ON	261	1	
167	30/05/2018 11:25:42	2	Button Change: Crimp 1 Switch is to ON	1281	1	
168	30/05/2018 11:25:42	2	Button Change: Detection status of crimp error 1 is to ON	2575	1	
169	30/05/2018 11:25:42	2	Button Change: Detection status of no terminal 1 is to ON	2577	1	
170	30/05/2018 11:25:42	2	Button Change: Detection status of terminal overload 1 is to ON	2579	1	
171	30/05/2018 11:26:22	1	Work Data Change: Strip Length 2 is from 6.1 to 6.0	769	6.1	6
172	30/05/2018 11:26:54	2	Button Change: SAMPLE is to OFF	261	0	
173	30/05/2018 11:26:54	2	Button Change: SAMPLE2 is to ON	262	1	
174	30/05/2018 11:28:09	2	Button Change: NORMAL is to ON	257	1	
175	30/05/2018 11:28:09	2	Button Change: SAMPLE2 is to OFF	262	0	
176	30/05/2018 11:40:44	10	Bank Load: Bank change into 638	638		
177	30/05/2018 11:40:44	1	Work Data Change: Wire Feed Speed 1 is from 2.0 to 3.0	2564	2	3
178	30/05/2018 11:40:44	1	Work Data Change: Wire Length Correction 1 is from 6.4 to 0.0	2561	6.4	0
179	30/05/2018 11:40:44	1	Work Data Change: Wire Length Correction 2 is from 1.5 to 0.0	2562	1.5	0
180	30/05/2018 11:40:44	2	Button Change: Crimp 1 Switch is to OFF	1281	0	
181	30/05/2018 11:40:44	1	Work Data Change: Wire Length is from 890 to 1580	257	890	1580
182	30/05/2018 11:40:44	1	Work Data Change: Strip Length 1 is from 3.6 to 3.4	513	3.6	3.4
183	30/05/2018 11:40:44	2	Button Change: Detection status of crimp error 1 is to OFF	2575	0	
184	30/05/2018 11:40:44	2	Button Change: Detection status of no terminal 1 is to OFF	2577	0	
185	30/05/2018 11:40:44	2	Button Change: Detection status of terminal overload 1 is to OFF	2579	0	
186	30/05/2018 11:40:44	1	Work Data Change: Strip Length 2 is from 6.0 to 4.1	769	6	4.1
187	30/05/2018 11:40:44	1	Work Data Change: Crimp Position 1 is from 10.5 to 10.1	1025	10.5	10.1
188	30/05/2018 11:40:44	1	Work Data Change: Crimp Position 2 is from 9.1 to 10.0	1281	9.1	10
189	30/05/2018 11:40:44	1	Work Data Change: Crimp Height 2 is from 0.72 to 1.50	1282	0.72	1.5
190	30/05/2018 11:41:31	10	Bank Load: Bank change into 638	638		
191	30/05/2018 11:43:08	2	Button Change: NORMAL is to OFF	257	0	
192	30/05/2018 11:43:08	2	Button Change: SAMPLE is to ON	261	1	
193	30/05/2018 11:43:16	2	Button Change: Crimp 1 Switch is to ON	1281	1	
194	30/05/2018 11:43:16	2	Button Change: Detection status of crimp error 1 is to ON	2575	1	
195	30/05/2018 11:43:16	2	Button Change: Detection status of no terminal 1 is to ON	2577	1	
196	30/05/2018 11:43:16	2	Button Change: Detection status of terminal overload 1 is to ON	2579	1	
197	30/05/2018 11:43:43	1	Work Data Change: Strip Length 1 is from 3.4 to 3.6	513	3.4	3.6
198	30/05/2018 11:44:12	1	Work Data Change: Strip Length 2 is from 4.1 to 3.6	769	4.1	3.6
199	30/05/2018 11:44:18	1	Work Data Change: Crimp Position 1 is from 10.1 to 10.5	1025	10.1	10.5
200	30/05/2018 11:44:25	3	Error Message: Wire joint is Occurred	28	1	
201	30/05/2018 11:44:29	3	Error Message: Wire joint is Cancel	28	0	
202	30/05/2018 11:44:48	3	Error Message: Feed roller is opened is Occurred	114	1	
203	30/05/2018 11:44:52	3	Error Message: Under switching selector is Occurred	35	1	
204	30/05/2018 11:46:17	3	Error Message: Under switching selector is Cancel	35	0	
205	30/05/2018 11:46:22	3	Error Message: Feed roller is opened is Cancel	114	0	
206	30/05/2018 11:46:38	2	Button Change: CFM Teaching status is to ON	1806	1	
207	30/05/2018 11:46:46	3	Error Message: Stop before the waster eject is Occurred	70	1	
208	30/05/2018 11:47:06	3	Error Message: Stop before the waster eject is Cancel	70	0	
209	30/05/2018 11:48:29	3	Error Message: Stop before the waster eject is Occurred	70	1	
210	30/05/2018 11:48:37	3	Error Message: Stop before the waster eject is Cancel	70	0	
211	30/05/2018 11:48:43	2	Button Change: Crimp 1 Switch is to ON	1281	1	
212	30/05/2018 11:48:43	2	Button Change: Detection status of crimp error 1 is to ON	2575	1	
213	30/05/2018 11:48:43	2	Button Change: Detection status of no terminal 1 is to ON	2577	1	
214	30/05/2018 11:48:43	2	Button Change: Detection status of terminal overload 1 is to ON	2579	1	
215	30/05/2018 11:50:11	1	Work Data Change: Strip Length 1 is from 3.6 to 3.7	513	3.6	3.7
216	30/05/2018 11:50:11	1	Work Data Change: Strip Length 2 is from 3.6 to 3.7	769	3.6	3.7
217	30/05/2018 11:50:43	1	Work Data Change: Strip Length 1 is from 3.7 to 3.8	513	3.7	3.8
218	30/05/2018 11:50:46	2	Button Change: SAMPLE is to OFF	261	0	
219	30/05/2018 11:50:46	2	Button Change: SAMPLE2 is to ON	262	1	
220	30/05/2018 11:51:43	2	Button Change: NORMAL is to ON	257	1	
221	30/05/2018 11:51:43	2	Button Change: SAMPLE2 is to OFF	262	0	
222	30/05/2018 11:51:48	2	Button Change: CFM Teaching status is to OFF	1806	0	
223	30/05/2018 12:09:33	10	Bank Load: Bank change into 49	49		
224	30/05/2018 12:09:33	2	Button Change: Crimp 1 Switch is to OFF	1281	0	
225	30/05/2018 12:09:33	2	Button Change: Detection status of crimp error 1 is to OFF	2575	0	
226	30/05/2018 12:09:33	2	Button Change: Detection status of no terminal 1 is to OFF	2577	0	
227	30/05/2018 12:09:33	2	Button Change: Detection status of terminal overload 1 is to OFF	2579	0	
228	30/05/2018 12:09:33	1	Work Data Change: Wire Length is from 1580 to 1185	257	1580	1185
229	30/05/2018 12:09:33	1	Work Data Change: Strip Length 1 is from 3.8 to 3.4	513	3.8	3.4
230	30/05/2018 12:09:33	1	Work Data Change: Crimp Position 1 is from 10.5 to 10.2	1025	10.5	10.2
231	30/05/2018 12:09:33	1	Work Data Change: Strip Length 2 is from 3.7 to 10.1	769	3.7	10.1
232	30/05/2018 12:09:33	1	Work Data Change: Wire Feed Speed 3 is from 5.0 to 6.0	2566	5	6
233	30/05/2018 12:09:33	1	Work Data Change: Wire Length Correction 3 is from 0.6 to 0.7	2563	0.6	0.7
234	30/05/2018 12:10:17	2	Button Change: NORMAL is to OFF	257	0	
235	30/05/2018 12:10:17	2	Button Change: SAMPLE is to ON	261	1	
236	30/05/2018 12:10:26	2	Button Change: Crimp 1 Switch is to ON	1281	1	
237	30/05/2018 12:10:26	2	Button Change: Detection status of crimp error 1 is to ON	2575	1	
238	30/05/2018 12:10:26	2	Button Change: Detection status of no terminal 1 is to ON	2577	1	
239	30/05/2018 12:10:26	2	Button Change: Detection status of terminal overload 1 is to ON	2579	1	
240	30/05/2018 12:10:32	3	Error Message: Wire joint is Occurred	28	1	
241	30/05/2018 12:10:34	3	Error Message: Wire joint is Cancel	28	0	
242	30/05/2018 12:10:46	3	Error Message: Stop before the waster eject is Occurred	70	1	
243	30/05/2018 12:10:48	3	Error Message: Stop before the waster eject is Cancel	70	0	
244	30/05/2018 12:11:27	1	Work Data Change: Strip Length 1 is from 3.4 to 3.8	513	3.4	3.8
245	30/05/2018 12:11:28	1	Work Data Change: Strip Length 2 is from 10.1 to 9.6	769	10.1	9.6
246	30/05/2018 12:11:33	1	Work Data Change: Crimp Position 1 is from 10.2 to 10.4	1025	10.2	10.4
247	30/05/2018 12:12:10	1	Work Data Change: Crimp Position 1 is from 10.4 to 10.5	1025	10.4	10.5
248	30/05/2018 12:12:14	2	Button Change: SAMPLE is to OFF	261	0	
249	30/05/2018 12:12:14	2	Button Change: SAMPLE2 is to ON	262	1	
250	30/05/2018 12:13:09	2	Button Change: NORMAL is to ON	257	1	
251	30/05/2018 12:13:09	2	Button Change: SAMPLE2 is to OFF	262	0	
252	30/05/2018 12:20:14	1	Work Data Change: Crimp Position 1 is from 10.5 to 10.6	1025	10.5	10.6
253	30/05/2018 12:28:31	10	Bank Load: Bank change into 736	736		
254	30/05/2018 12:28:31	2	Button Change: Crimp 1 Switch is to OFF	1281	0	
255	30/05/2018 12:28:31	2	Button Change: Crimp 2 is to ON	1026	1	
256	30/05/2018 12:28:31	2	Button Change: Detection status of crimp error 1 is to OFF	2575	0	
257	30/05/2018 12:28:31	2	Button Change: Detection status of no terminal 1 is to OFF	2577	0	
258	30/05/2018 12:28:31	2	Button Change: Detection status of terminal overload 1 is to OFF	2579	0	
259	30/05/2018 12:28:31	1	Work Data Change: Wire Length is from 1185 to 1410	257	1185	1410
260	30/05/2018 12:28:31	1	Work Data Change: Strip Length 1 is from 3.8 to 3.4	513	3.8	3.4
261	30/05/2018 12:28:31	1	Work Data Change: Strip Length 2 is from 9.6 to 3.8	769	9.6	3.8
262	30/05/2018 12:28:31	1	Work Data Change: Crimp Position 1 is from 10.6 to 9.9	1025	10.6	9.9
263	30/05/2018 12:28:31	1	Work Data Change: Crimp Height 1 is from 1.14 to 0.46	1026	1.14	0.46
264	30/05/2018 12:28:31	1	Work Data Change: Crimp Position 2 is from 10.0 to 9.6	1281	10	9.6
265	30/05/2018 12:28:31	1	Work Data Change: Crimp Height 2 is from 1.50 to 0.41	1282	1.5	0.41
266	30/05/2018 12:31:03	1	Work Data Change: Strip Length 1 is from 3.4 to 3.6	513	3.4	3.6
267	30/05/2018 12:31:08	1	Work Data Change: Crimp Position 1 is from 9.9 to 10.3	1025	9.9	10.3
268	30/05/2018 12:31:10	2	Button Change: Crimp 1 Switch is to ON	1281	1	
269	30/05/2018 12:31:10	2	Button Change: Detection status of crimp error 1 is to ON	2575	1	
270	30/05/2018 12:31:10	2	Button Change: Detection status of no terminal 1 is to ON	2577	1	
271	30/05/2018 12:31:10	2	Button Change: Detection status of terminal overload 1 is to ON	2579	1	
272	30/05/2018 12:31:12	2	Button Change: Crimp 2 Switch is to ON	1282	1	
273	30/05/2018 12:31:12	2	Button Change: Detection status of crimp error 2 is to ON	2576	1	
274	30/05/2018 12:31:12	2	Button Change: Detection status of no terminal 2 is to ON	2578	1	
275	30/05/2018 12:31:12	2	Button Change: Detection status of terminal overload 2 is to ON	2580	1	
276	30/05/2018 12:31:13	2	Button Change: NORMAL is to OFF	257	0	
277	30/05/2018 12:31:13	2	Button Change: SAMPLE is to ON	261	1	
278	30/05/2018 12:31:27	2	Button Change: CFM Teaching status is to ON	1806	1	
279	30/05/2018 12:31:57	1	Work Data Change: Crimp Height 1 is from 0.46 to 0.94	1026	0.46	0.94
280	30/05/2018 12:32:25	1	Work Data Change: Crimp Height 2 is from 0.41 to 0.83	1282	0.41	0.83
281	30/05/2018 12:35:27	3	Error Message: Stop before the waster eject is Occurred	70	1	
282	30/05/2018 12:35:27	3	Error Message: Defect detection: Side2 miss-crimp (CFM) is Occurred	82	1	
283	30/05/2018 12:35:28	3	Error Message: Stop before the waster eject is Cancel	70	0	
284	30/05/2018 12:35:28	3	Error Message: Defect detection: Side2 miss-crimp (CFM) is Cancel	82	0	
285	30/05/2018 12:35:54	1	Work Data Change: Crimp Height 2 is from 0.83 to 0.56	1282	0.83	0.56
286	30/05/2018 12:36:06	1	Work Data Change: Crimp Height 1 is from 0.94 to 1.09	1026	0.94	1.09
287	30/05/2018 12:36:34	1	Work Data Change: Crimp Height 1 is from 1.09 to 1.12	1026	1.09	1.12
288	30/05/2018 12:36:41	1	Work Data Change: Crimp Height 2 is from 0.56 to 0.49	1282	0.56	0.49
289	30/05/2018 12:36:46	3	Error Message: Defect detection: Side1 miss-crimp (CFM) is Occurred	81	1	
290	30/05/2018 12:36:48	3	Error Message: Defect detection: Side1 miss-crimp (CFM) is Cancel	81	0	
291	30/05/2018 12:36:51	3	Error Message: Stop before the waster eject is Occurred	70	1	
292	30/05/2018 12:36:54	3	Error Message: Stop before the waster eject is Cancel	70	0	
293	30/05/2018 12:37:16	1	Work Data Change: Crimp Position 1 is from 10.3 to 10.5	1025	10.3	10.5
294	30/05/2018 12:37:24	1	Work Data Change: Crimp Height 1 is from 1.12 to 1.14	1026	1.12	1.14
295	30/05/2018 12:37:31	1	Work Data Change: Crimp Height 2 is from 0.49 to 0.45	1282	0.49	0.45
296	30/05/2018 12:37:56	1	Work Data Change: Strip Length 2 is from 3.8 to 3.5	769	3.8	3.5
297	30/05/2018 12:38:00	1	Work Data Change: Crimp Position 2 is from 9.6 to 9.4	1281	9.6	9.4
298	30/05/2018 12:38:03	2	Button Change: Crimp 1 Switch is to OFF	1281	0	
299	30/05/2018 12:38:04	2	Button Change: Detection status of crimp error 1 is to OFF	2575	0	
300	30/05/2018 12:38:04	2	Button Change: Detection status of no terminal 1 is to OFF	2577	0	
301	30/05/2018 12:38:04	2	Button Change: Detection status of terminal overload 1 is to OFF	2579	0	
302	30/05/2018 12:38:20	2	Button Change: Crimp 1 Switch is to ON	1281	1	
303	30/05/2018 12:38:20	2	Button Change: Detection status of crimp error 1 is to ON	2575	1	
304	30/05/2018 12:38:20	2	Button Change: Detection status of no terminal 1 is to ON	2577	1	
305	30/05/2018 12:38:20	2	Button Change: Detection status of terminal overload 1 is to ON	2579	1	
306	30/05/2018 12:38:34	2	Button Change: SAMPLE is to OFF	261	0	
307	30/05/2018 12:38:34	2	Button Change: SAMPLE2 is to ON	262	1	
308	30/05/2018 12:39:03	2	Button Change: NORMAL is to ON	257	1	
309	30/05/2018 12:39:03	2	Button Change: SAMPLE2 is to OFF	262	0	
310	30/05/2018 12:39:06	2	Button Change: CFM Teaching status is to OFF	1806	0	
311	30/05/2018 12:44:33	3	Error Message: Defect detection: Side1 miss-strip is Occurred	41	1	
312	30/05/2018 12:44:49	3	Error Message: Defect detection: Side1 miss-strip is Cancel	41	0	
313	30/05/2018 12:44:53	3	Error Message: Stop before the waster eject is Occurred	70	1	
314	30/05/2018 12:44:54	3	Error Message: Stop before the waster eject is Cancel	70	0	
315	30/05/2018 12:47:13	10	Bank Load: Bank change into 34	34		
316	30/05/2018 12:47:13	2	Button Change: Crimp 1 Switch is to OFF	1281	0	
317	30/05/2018 12:47:13	2	Button Change: Crimp 2 Switch is to OFF	1282	0	
318	30/05/2018 12:47:13	2	Button Change: Detection status of crimp error 1 is to OFF	2575	0	
319	30/05/2018 12:47:13	2	Button Change: Detection status of no terminal 1 is to OFF	2577	0	
320	30/05/2018 12:47:13	2	Button Change: Detection status of terminal overload 1 is to OFF	2579	0	
321	30/05/2018 12:47:13	1	Work Data Change: Wire Length is from 1410 to 1460	257	1410	1460
322	30/05/2018 12:47:13	1	Work Data Change: Strip Length 1 is from 3.6 to 3.4	513	3.6	3.4
323	30/05/2018 12:47:13	2	Button Change: Detection status of crimp error 2 is to OFF	2576	0	
324	30/05/2018 12:47:13	2	Button Change: Detection status of no terminal 2 is to OFF	2578	0	
325	30/05/2018 12:47:13	2	Button Change: Detection status of terminal overload 2 is to OFF	2580	0	
326	30/05/2018 12:47:13	1	Work Data Change: Strip Depth (Open length) is from 0.24 to 0.23	515	0.24	0.23
327	30/05/2018 12:47:13	1	Work Data Change: Strip Length 2 is from 3.5 to 3.8	769	3.5	3.8
328	30/05/2018 12:47:13	1	Work Data Change: Crimp Position 1 is from 10.5 to 10.2	1025	10.5	10.2
329	30/05/2018 12:47:13	1	Work Data Change: Crimp Height 1 is from 1.14 to 1.10	1026	1.14	1.1
330	30/05/2018 12:47:13	1	Work Data Change: Crimp Position 2 is from 9.4 to 9.7	1281	9.4	9.7
331	30/05/2018 12:47:13	1	Work Data Change: Crimp Height 2 is from 0.45 to 0.46	1282	0.45	0.46
332	30/05/2018 12:47:13	1	Work Data Change: Wire Feed Speed 3 is from 6.0 to 4.0	2566	6	4
333	30/05/2018 12:47:42	2	Button Change: Crimp 1 Switch is to ON	1281	1	
334	30/05/2018 12:47:42	2	Button Change: Detection status of crimp error 1 is to ON	2575	1	
335	30/05/2018 12:47:42	2	Button Change: Detection status of no terminal 1 is to ON	2577	1	
336	30/05/2018 12:47:42	2	Button Change: Detection status of terminal overload 1 is to ON	2579	1	
337	30/05/2018 12:47:43	2	Button Change: Crimp 2 Switch is to ON	1282	1	
338	30/05/2018 12:47:43	2	Button Change: Detection status of crimp error 2 is to ON	2576	1	
339	30/05/2018 12:47:43	2	Button Change: Detection status of no terminal 2 is to ON	2578	1	
340	30/05/2018 12:47:43	2	Button Change: Detection status of terminal overload 2 is to ON	2580	1	
341	30/05/2018 12:47:44	2	Button Change: NORMAL is to OFF	257	0	
342	30/05/2018 12:47:44	2	Button Change: SAMPLE is to ON	261	1	
343	30/05/2018 12:47:49	2	Button Change: CFM Teaching status is to ON	1806	1	
344	30/05/2018 12:48:22	1	Work Data Change: Strip Length 1 is from 3.4 to 3.6	513	3.4	3.6
345	30/05/2018 12:48:22	1	Work Data Change: Strip Length 2 is from 3.8 to 3.4	769	3.8	3.4
346	30/05/2018 12:48:27	1	Work Data Change: Crimp Position 1 is from 10.2 to 10.4	1025	10.2	10.4
347	30/05/2018 12:48:34	1	Work Data Change: Crimp Position 2 is from 9.7 to 9.5	1281	9.7	9.5
348	30/05/2018 12:48:55	1	Work Data Change: Crimp Height 1 is from 1.10 to 1.12	1026	1.1	1.12
349	30/05/2018 12:49:08	1	Work Data Change: Crimp Height 2 is from 0.46 to 0.44	1282	0.46	0.44
350	30/05/2018 12:49:23	1	Work Data Change: Crimp Position 2 is from 9.5 to 9.3	1281	9.5	9.3
351	30/05/2018 12:49:29	1	Work Data Change: Crimp Position 1 is from 10.4 to 10.5	1025	10.4	10.5
352	30/05/2018 12:50:21	1	Work Data Change: Crimp Position 2 is from 9.3 to 9.2	1281	9.3	9.2
353	30/05/2018 12:50:44	2	Button Change: SAMPLE is to OFF	261	0	
354	30/05/2018 12:50:44	2	Button Change: SAMPLE2 is to ON	262	1	
355	30/05/2018 12:50:47	2	Button Change: CFM Teaching status is to OFF	1806	0	
356	30/05/2018 12:51:06	1	Work Data Change: Strip Length 1 is from 3.6 to 3.7	513	3.6	3.7
357	30/05/2018 12:51:09	1	Work Data Change: Crimp Position 1 is from 10.5 to 10.6	1025	10.5	10.6
358	30/05/2018 12:51:35	2	Button Change: NORMAL is to ON	257	1	
359	30/05/2018 12:51:35	2	Button Change: SAMPLE2 is to OFF	262	0	
360	30/05/2018 12:51:51	1	Work Data Change: Crimp Position 2 is from 9.2 to 9.3	1281	9.2	9.3
361	30/05/2018 13:00:46	10	Bank Load: Bank change into 827	827		
362	30/05/2018 13:00:46	2	Button Change: Crimp 1 Switch is to OFF	1281	0	
363	30/05/2018 13:00:46	2	Button Change: Detection status of crimp error 1 is to OFF	2575	0	
364	30/05/2018 13:00:46	2	Button Change: Detection status of no terminal 1 is to OFF	2577	0	
365	30/05/2018 13:00:46	2	Button Change: Detection status of terminal overload 1 is to OFF	2579	0	
366	30/05/2018 13:00:46	2	Button Change: Crimp 2 Switch is to OFF	1282	0	
367	30/05/2018 13:00:46	1	Work Data Change: Wire Length is from 1460 to 1815	257	1460	1815
368	30/05/2018 13:00:46	2	Button Change: Detection status of crimp error 2 is to OFF	2576	0	
369	30/05/2018 13:00:46	2	Button Change: Detection status of no terminal 2 is to OFF	2578	0	
370	30/05/2018 13:00:46	2	Button Change: Detection status of terminal overload 2 is to OFF	2580	0	
371	30/05/2018 13:00:46	1	Work Data Change: Strip Depth (Open length) is from 0.23 to 0.24	515	0.23	0.24
372	30/05/2018 13:00:46	1	Work Data Change: Strip Length 1 is from 3.7 to 3.4	513	3.7	3.4
373	30/05/2018 13:00:46	1	Work Data Change: Strip Length 2 is from 3.4 to 5.0	769	3.4	5
374	30/05/2018 13:00:46	1	Work Data Change: Crimp Position 1 is from 10.6 to 10.3	1025	10.6	10.3
375	30/05/2018 13:00:46	1	Work Data Change: Crimp Height 1 is from 1.12 to 1.13	1026	1.12	1.13
376	30/05/2018 13:00:46	1	Work Data Change: Crimp Position 2 is from 9.3 to 9.5	1281	9.3	9.5
377	30/05/2018 13:00:46	1	Work Data Change: Crimp Height 2 is from 0.44 to 0.72	1282	0.44	0.72
378	30/05/2018 13:00:46	1	Work Data Change: Wire Feed Speed 3 is from 4.0 to 5.0	2566	4	5
379	30/05/2018 13:00:46	1	Work Data Change: Wire Length Correction 3 is from 0.7 to 0.5	2563	0.7	0.5
380	30/05/2018 13:02:52	2	Button Change: Crimp 1 Switch is to ON	1281	1	
381	30/05/2018 13:02:52	2	Button Change: Detection status of crimp error 1 is to ON	2575	1	
382	30/05/2018 13:02:52	2	Button Change: Detection status of no terminal 1 is to ON	2577	1	
383	30/05/2018 13:02:52	2	Button Change: Detection status of terminal overload 1 is to ON	2579	1	
384	30/05/2018 13:02:58	2	Button Change: Crimp 2 Switch is to ON	1282	1	
385	30/05/2018 13:02:58	2	Button Change: Detection status of crimp error 2 is to ON	2576	1	
386	30/05/2018 13:02:58	2	Button Change: Detection status of no terminal 2 is to ON	2578	1	
387	30/05/2018 13:02:58	2	Button Change: Detection status of terminal overload 2 is to ON	2580	1	
388	30/05/2018 13:04:33	2	Button Change: NORMAL is to OFF	257	0	
389	30/05/2018 13:04:33	2	Button Change: TEST is to ON	259	1	
390	30/05/2018 13:04:39	3	Error Message: Stop before the waster eject is Occurred	70	1	
391	30/05/2018 13:04:39	3	Error Message: Defect detection: Side2 miss-crimp (CFM) is Occurred	82	1	
392	30/05/2018 13:04:41	3	Error Message: Stop before the waster eject is Cancel	70	0	
393	30/05/2018 13:04:41	3	Error Message: Defect detection: Side2 miss-crimp (CFM) is Cancel	82	0	
394	30/05/2018 13:04:44	2	Button Change: Crimp 1 Switch is to OFF	1281	0	
395	30/05/2018 13:04:44	2	Button Change: Detection status of crimp error 1 is to OFF	2575	0	
396	30/05/2018 13:04:44	2	Button Change: Detection status of no terminal 1 is to OFF	2577	0	
397	30/05/2018 13:04:44	2	Button Change: Detection status of terminal overload 1 is to OFF	2579	0	
398	30/05/2018 13:04:46	2	Button Change: Crimp 2 Switch is to OFF	1282	0	
399	30/05/2018 13:04:46	2	Button Change: Detection status of crimp error 2 is to OFF	2576	0	
400	30/05/2018 13:04:46	2	Button Change: Detection status of no terminal 2 is to OFF	2578	0	
401	30/05/2018 13:04:46	2	Button Change: Detection status of terminal overload 2 is to OFF	2580	0	
402	30/05/2018 13:04:49	3	Error Message: Wire joint is Occurred	28	1	
403	30/05/2018 13:04:51	3	Error Message: Wire joint is Cancel	28	0	
404	30/05/2018 13:04:57	2	Button Change: Crimp 1 Switch is to ON	1281	1	
405	30/05/2018 13:04:57	2	Button Change: Detection status of crimp error 1 is to ON	2575	1	
406	30/05/2018 13:04:57	2	Button Change: Detection status of no terminal 1 is to ON	2577	1	
407	30/05/2018 13:04:57	2	Button Change: Detection status of terminal overload 1 is to ON	2579	1	
408	30/05/2018 13:04:58	2	Button Change: Crimp 2 Switch is to ON	1282	1	
409	30/05/2018 13:04:58	2	Button Change: Detection status of crimp error 2 is to ON	2576	1	
410	30/05/2018 13:04:58	2	Button Change: Detection status of no terminal 2 is to ON	2578	1	
411	30/05/2018 13:04:58	2	Button Change: Detection status of terminal overload 2 is to ON	2580	1	
412	30/05/2018 13:04:59	2	Button Change: SAMPLE is to ON	261	1	
413	30/05/2018 13:04:59	2	Button Change: TEST is to OFF	259	0	
414	30/05/2018 13:05:02	2	Button Change: CFM Teaching status is to ON	1806	1	
415	30/05/2018 13:05:05	3	Error Message: Stop before the waster eject is Occurred	70	1	
416	30/05/2018 13:05:06	3	Error Message: Stop before the waster eject is Cancel	70	0	
417	30/05/2018 13:05:35	1	Work Data Change: Strip Length 1 is from 3.4 to 3.7	513	3.4	3.7
418	30/05/2018 13:05:41	1	Work Data Change: Crimp Position 2 is from 9.5 to 8.9	1281	9.5	8.9
419	30/05/2018 13:06:21	1	Work Data Change: Crimp Position 1 is from 10.3 to 10.5	1025	10.3	10.5
420	30/05/2018 13:07:24	1	Work Data Change: Strip Length 2 is from 5.0 to 4.8	769	5	4.8
421	30/05/2018 13:07:27	1	Work Data Change: Crimp Position 2 is from 8.9 to 8.8	1281	8.9	8.8
422	30/05/2018 13:07:31	1	Work Data Change: Crimp Position 1 is from 10.5 to 10.6	1025	10.5	10.6
423	30/05/2018 13:08:00	1	Work Data Change: Strip Length 2 is from 4.8 to 4.7	769	4.8	4.7
424	30/05/2018 13:08:09	2	Button Change: SAMPLE is to OFF	261	0	
425	30/05/2018 13:08:09	2	Button Change: SAMPLE2 is to ON	262	1	
426	30/05/2018 13:08:12	2	Button Change: CFM Teaching status is to OFF	1806	0	
427	30/05/2018 13:08:59	2	Button Change: NORMAL is to ON	257	1	
428	30/05/2018 13:08:59	2	Button Change: SAMPLE2 is to OFF	262	0	
429	30/05/2018 13:09:26	3	Error Message: Abnormal feed deflection is Occurred	32	1	
430	30/05/2018 13:09:40	3	Error Message: Abnormal feed deflection is Cancel	32	0	
431	30/05/2018 13:09:47	3	Error Message: Feed roller is opened is Occurred	114	1	
432	30/05/2018 13:09:48	3	Error Message: Under switching selector is Occurred	35	1	
433	30/05/2018 13:11:08	3	Error Message: Under switching selector is Cancel	35	0	
434	30/05/2018 13:11:27	3	Error Message: Feed roller is opened is Cancel	114	0	
435	30/05/2018 13:11:39	1	Work Data Change: Wire Feed Speed 3 is from 5.0 to 3.0	2566	5	3
436	30/05/2018 13:11:44	3	Error Message: Stop before the waster eject is Occurred	70	1	
437	30/05/2018 13:11:45	3	Error Message: Stop before the waster eject is Cancel	70	0	
438	30/05/2018 13:18:30	3	Error Message: Abnormal feed deflection is Occurred	32	1	
439	30/05/2018 13:19:09	3	Error Message: Feed roller is opened is Occurred	114	1	
440	30/05/2018 13:19:29	3	Error Message: Feed roller is opened is Cancel	114	0	
441	30/05/2018 13:19:32	3	Error Message: Abnormal feed deflection is Cancel	32	0	
442	30/05/2018 13:19:44	3	Error Message: Stop before the waster eject is Occurred	70	1	
443	30/05/2018 13:19:46	3	Error Message: Stop before the waster eject is Cancel	70	0	
444	30/05/2018 13:21:56	10	Bank Load: Bank change into 827	827		
445	30/05/2018 13:21:56	2	Button Change: Crimp 1 Switch is to OFF	1281	0	
446	30/05/2018 13:21:56	2	Button Change: Crimp 2 Switch is to OFF	1282	0	
447	30/05/2018 13:21:56	2	Button Change: Detection status of crimp error 1 is to OFF	2575	0	
448	30/05/2018 13:21:56	2	Button Change: Detection status of no terminal 1 is to OFF	2577	0	
449	30/05/2018 13:21:56	2	Button Change: Detection status of terminal overload 1 is to OFF	2579	0	
450	30/05/2018 13:21:56	2	Button Change: Detection status of crimp error 2 is to OFF	2576	0	
451	30/05/2018 13:21:56	2	Button Change: Detection status of no terminal 2 is to OFF	2578	0	
452	30/05/2018 13:21:56	2	Button Change: Detection status of terminal overload 2 is to OFF	2580	0	
453	30/05/2018 13:32:44	10	Bank Load: Bank change into 184	184		
454	30/05/2018 13:32:44	2	Button Change: Strip 1 is to OFF	769	0	
455	30/05/2018 13:32:44	2	Button Change: Crimp 1 is to OFF	770	0	
456	30/05/2018 13:32:44	2	Button Change: Detection status of strip error 1 is to OFF	2573	0	
457	30/05/2018 13:32:44	2	Button Change: Strip 2 is to OFF	1025	0	
458	30/05/2018 13:32:44	2	Button Change: Crimp 2 is to OFF	1026	0	
459	30/05/2018 13:32:44	2	Button Change: Detection status of strip error 2 is to OFF	2574	0	
460	30/05/2018 13:32:44	1	Work Data Change: Wire Length is from 1815 to 1415	257	1815	1415
461	30/05/2018 13:32:44	1	Work Data Change: Strip Length 1 is from 3.7 to 0.0	513	3.7	0
462	30/05/2018 13:32:44	1	Work Data Change: Strip Depth (Open length) is from 0.24 to 1.00	515	0.24	1
463	30/05/2018 13:32:44	1	Work Data Change: Strip Length 2 is from 4.7 to 0.0	769	4.7	0
464	30/05/2018 13:32:44	1	Work Data Change: Crimp Position 1 is from 10.6 to 10.0	1025	10.6	10
465	30/05/2018 13:32:44	1	Work Data Change: Crimp Height 1 is from 1.13 to 1.50	1026	1.13	1.5
466	30/05/2018 13:32:44	1	Work Data Change: Crimp Position 2 is from 8.8 to 10.0	1281	8.8	10
467	30/05/2018 13:32:44	1	Work Data Change: Crimp Height 2 is from 0.72 to 1.50	1282	0.72	1.5
468	30/05/2018 13:32:44	1	Work Data Change: Wire Length Correction 3 is from 0.5 to 0.0	2563	0.5	0
469	30/05/2018 13:33:36	10	Bank Load: Bank change into 32	32		
470	30/05/2018 13:33:36	1	Work Data Change: Wire Length Correction 1 is from 0.0 to 4.5	2561	0	4.5
471	30/05/2018 13:33:36	2	Button Change: Strip 1 is to ON	769	1	
472	30/05/2018 13:33:36	2	Button Change: Crimp 1 is to ON	770	1	
473	30/05/2018 13:33:36	2	Button Change: Strip 2 is to ON	1025	1	
474	30/05/2018 13:33:36	2	Button Change: Crimp 2 is to ON	1026	1	
475	30/05/2018 13:33:36	1	Work Data Change: Strip Length 1 is from 0.0 to 3.6	513	0	3.6
476	30/05/2018 13:33:36	2	Button Change: Detection status of strip error 1 is to ON	2573	1	
477	30/05/2018 13:33:36	1	Work Data Change: Strip Depth (Open length) is from 1.00 to 0.24	515	1	0.24
478	30/05/2018 13:33:36	1	Work Data Change: Strip Length 2 is from 0.0 to 3.5	769	0	3.5
479	30/05/2018 13:33:36	2	Button Change: Detection status of strip error 2 is to ON	2574	1	
480	30/05/2018 13:33:36	1	Work Data Change: Crimp Position 1 is from 10.0 to 10.4	1025	10	10.4
481	30/05/2018 13:33:36	1	Work Data Change: Crimp Height 1 is from 1.50 to 1.13	1026	1.5	1.13
482	30/05/2018 13:33:36	1	Work Data Change: Crimp Side Pos 1 is from 0.0 to -0.1	1027	0	-0.1
483	30/05/2018 13:33:36	1	Work Data Change: Crimp Position 2 is from 10.0 to 9.4	1281	10	9.4
484	30/05/2018 13:33:36	1	Work Data Change: Wire Feed Speed 3 is from 3.0 to 4.0	2566	3	4
485	30/05/2018 13:33:36	1	Work Data Change: Crimp Height 2 is from 1.50 to 0.47	1282	1.5	0.47
486	30/05/2018 13:33:36	1	Work Data Change: Wire Length Correction 3 is from 0.0 to 0.6	2563	0	0.6
487	30/05/2018 13:34:38	2	Button Change: NORMAL is to OFF	257	0	
488	30/05/2018 13:34:38	2	Button Change: TEST is to ON	259	1	
489	30/05/2018 13:34:43	3	Error Message: Wire joint is Occurred	28	1	
490	30/05/2018 13:34:44	3	Error Message: Wire joint is Cancel	28	0	
491	30/05/2018 13:34:48	2	Button Change: SAMPLE is to ON	261	1	
492	30/05/2018 13:34:48	2	Button Change: TEST is to OFF	259	0	
493	30/05/2018 13:34:49	2	Button Change: Crimp 1 Switch is to ON	1281	1	
494	30/05/2018 13:34:49	2	Button Change: Detection status of crimp error 1 is to ON	2575	1	
495	30/05/2018 13:34:49	2	Button Change: Detection status of no terminal 1 is to ON	2577	1	
496	30/05/2018 13:34:49	2	Button Change: Detection status of terminal overload 1 is to ON	2579	1	
497	30/05/2018 13:34:50	2	Button Change: Crimp 2 Switch is to ON	1282	1	
498	30/05/2018 13:34:50	2	Button Change: Detection status of crimp error 2 is to ON	2576	1	
499	30/05/2018 13:34:50	2	Button Change: Detection status of no terminal 2 is to ON	2578	1	
500	30/05/2018 13:34:50	2	Button Change: Detection status of terminal overload 2 is to ON	2580	1	
501	30/05/2018 13:34:53	2	Button Change: CFM Teaching status is to ON	1806	1	
502	30/05/2018 13:34:55	3	Error Message: Stop before the waster eject is Occurred	70	1	
503	30/05/2018 13:34:57	3	Error Message: Stop before the waster eject is Cancel	70	0	
504	30/05/2018 13:35:09	1	Work Data Change: Crimp Position 1 is from 10.4 to 10.5	1025	10.4	10.5
505	30/05/2018 13:36:02	1	Work Data Change: Crimp Height 2 is from 0.47 to 0.44	1282	0.47	0.44
506	30/05/2018 13:36:22	1	Work Data Change: Crimp Position 2 is from 9.4 to 9.2	1281	9.4	9.2
507	30/05/2018 13:37:16	2	Button Change: SAMPLE is to OFF	261	0	
508	30/05/2018 13:37:16	2	Button Change: SAMPLE2 is to ON	262	1	
509	30/05/2018 13:38:12	2	Button Change: NORMAL is to ON	257	1	
510	30/05/2018 13:38:12	2	Button Change: SAMPLE2 is to OFF	262	0	
511	30/05/2018 13:38:16	2	Button Change: CFM Teaching status is to OFF	1806	0	
512	30/05/2018 13:39:15	1	Work Data Change: Crimp Position 2 is from 9.2 to 9.3	1281	9.2	9.3
513	30/05/2018 13:41:06	1	Work Data Change: Crimp Position 2 is from 9.3 to 9.4	1281	9.3	9.4
514	30/05/2018 13:41:25	1	Work Data Change: Crimp Position 2 is from 9.4 to 9.3	1281	9.4	9.3
515	30/05/2018 13:47:44	10	Bank Load: Bank change into 32	32		
516	30/05/2018 13:47:44	2	Button Change: Crimp 1 Switch is to OFF	1281	0	
517	30/05/2018 13:47:44	2	Button Change: Crimp 2 Switch is to OFF	1282	0	
518	30/05/2018 13:47:44	2	Button Change: Detection status of crimp error 1 is to OFF	2575	0	
519	30/05/2018 13:47:44	2	Button Change: Detection status of no terminal 1 is to OFF	2577	0	
520	30/05/2018 13:47:44	2	Button Change: Detection status of terminal overload 1 is to OFF	2579	0	
521	30/05/2018 13:47:44	2	Button Change: Detection status of crimp error 2 is to OFF	2576	0	
522	30/05/2018 13:47:44	2	Button Change: Detection status of no terminal 2 is to OFF	2578	0	
523	30/05/2018 13:47:44	2	Button Change: Detection status of terminal overload 2 is to OFF	2580	0	
524	30/05/2018 13:49:31	10	Bank Load: Bank change into 33	33		
525	30/05/2018 13:49:31	1	Work Data Change: Wire Length Correction 1 is from 4.5 to 0.0	2561	4.5	0
526	30/05/2018 13:49:31	1	Work Data Change: Wire Length is from 1415 to 1465	257	1415	1465
527	30/05/2018 13:49:31	1	Work Data Change: Strip Depth (Open length) is from 0.24 to 0.26	515	0.24	0.26
528	30/05/2018 13:49:31	1	Work Data Change: Strip Length 1 is from 3.6 to 3.4	513	3.6	3.4
529	30/05/2018 13:49:31	1	Work Data Change: Strip Length 2 is from 3.5 to 3.7	769	3.5	3.7
530	30/05/2018 13:49:31	1	Work Data Change: Crimp Position 1 is from 10.5 to 10.1	1025	10.5	10.1
531	30/05/2018 13:49:31	1	Work Data Change: Crimp Height 1 is from 1.13 to 0.48	1026	1.13	0.48
532	30/05/2018 13:49:31	1	Work Data Change: Crimp Side Pos 1 is from -0.1 to 0.0	1027	-0.1	0
533	30/05/2018 13:49:31	1	Work Data Change: Crimp Position 2 is from 9.3 to 9.6	1281	9.3	9.6
534	30/05/2018 13:49:31	1	Work Data Change: Crimp Height 2 is from 0.44 to 0.48	1282	0.44	0.48
535	30/05/2018 13:49:31	1	Work Data Change: Wire Feed Speed 3 is from 4.0 to 6.0	2566	4	6
536	30/05/2018 13:49:31	1	Work Data Change: Wire Length Correction 3 is from 0.6 to 0.4	2563	0.6	0.4
537	30/05/2018 13:51:06	1	Work Data Change: Strip Length 1 is from 3.4 to 3.7	513	3.4	3.7
538	30/05/2018 13:51:06	1	Work Data Change: Strip Length 2 is from 3.7 to 3.4	769	3.7	3.4
539	30/05/2018 13:51:13	1	Work Data Change: Crimp Position 1 is from 10.1 to 10.5	1025	10.1	10.5
540	30/05/2018 13:51:16	1	Work Data Change: Crimp Position 2 is from 9.6 to 9.5	1281	9.6	9.5
541	30/05/2018 13:51:18	2	Button Change: Crimp 1 Switch is to ON	1281	1	
542	30/05/2018 13:51:18	2	Button Change: Detection status of crimp error 1 is to ON	2575	1	
543	30/05/2018 13:51:18	2	Button Change: Detection status of no terminal 1 is to ON	2577	1	
544	30/05/2018 13:51:18	2	Button Change: Detection status of terminal overload 1 is to ON	2579	1	
545	30/05/2018 13:51:19	2	Button Change: Crimp 2 Switch is to ON	1282	1	
546	30/05/2018 13:51:19	2	Button Change: Detection status of crimp error 2 is to ON	2576	1	
547	30/05/2018 13:51:19	2	Button Change: Detection status of no terminal 2 is to ON	2578	1	
548	30/05/2018 13:51:19	2	Button Change: Detection status of terminal overload 2 is to ON	2580	1	
549	30/05/2018 13:51:22	3	Error Message: Defect detection: Side1 miss-crimp (CFM) is Occurred	81	1	
550	30/05/2018 13:51:23	3	Error Message: Defect detection: Side1 miss-crimp (CFM) is Cancel	81	0	
551	30/05/2018 13:51:30	2	Button Change: CFM Teaching status is to ON	1806	1	
552	30/05/2018 13:51:33	3	Error Message: Stop before the waster eject is Occurred	70	1	
553	30/05/2018 13:51:35	3	Error Message: Stop before the waster eject is Cancel	70	0	
554	30/05/2018 13:51:37	2	Button Change: NORMAL is to OFF	257	0	
555	30/05/2018 13:51:37	2	Button Change: SAMPLE is to ON	261	1	
556	30/05/2018 13:52:02	1	Work Data Change: Crimp Height 1 is from 0.48 to 0.93	1026	0.48	0.93
557	30/05/2018 13:52:12	1	Work Data Change: Crimp Position 2 is from 9.5 to 9.2	1281	9.5	9.2
558	30/05/2018 13:52:42	1	Work Data Change: Crimp Height 1 is from 0.93 to 1.08	1026	0.93	1.08
559	30/05/2018 13:52:45	2	Button Change: Crimp 2 Switch is to OFF	1282	0	
560	30/05/2018 13:52:45	2	Button Change: Detection status of crimp error 2 is to OFF	2576	0	
561	30/05/2018 13:52:45	2	Button Change: Detection status of no terminal 2 is to OFF	2578	0	
562	30/05/2018 13:52:45	2	Button Change: Detection status of terminal overload 2 is to OFF	2580	0	
563	30/05/2018 13:52:47	3	Error Message: Defect detection: Side1 miss-crimp (CFM) is Occurred	81	1	
564	30/05/2018 13:52:49	3	Error Message: Defect detection: Side1 miss-crimp (CFM) is Cancel	81	0	
565	30/05/2018 13:52:54	3	Error Message: Stop before the waster eject is Occurred	70	1	
566	30/05/2018 13:52:56	3	Error Message: Stop before the waster eject is Cancel	70	0	
567	30/05/2018 13:53:17	1	Work Data Change: Crimp Height 1 is from 1.08 to 1.11	1026	1.08	1.11
568	30/05/2018 13:53:21	2	Button Change: Crimp 2 Switch is to ON	1282	1	
569	30/05/2018 13:53:21	2	Button Change: Detection status of crimp error 2 is to ON	2576	1	
570	30/05/2018 13:53:21	2	Button Change: Detection status of no terminal 2 is to ON	2578	1	
571	30/05/2018 13:53:21	2	Button Change: Detection status of terminal overload 2 is to ON	2580	1	
572	30/05/2018 13:55:41	2	Button Change: SAMPLE is to OFF	261	0	
573	30/05/2018 13:55:41	2	Button Change: SAMPLE2 is to ON	262	1	
574	30/05/2018 13:56:20	2	Button Change: NORMAL is to ON	257	1	
575	30/05/2018 13:56:20	2	Button Change: SAMPLE2 is to OFF	262	0	
576	30/05/2018 13:56:26	2	Button Change: CFM Teaching status is to OFF	1806	0	
577	30/05/2018 14:03:32	3	Error Message: No wire is Occurred	26	1	
578	30/05/2018 14:06:58	3	Error Message: No wire is Cancel	26	0	
579	30/05/2018 14:08:54	3	Error Message: Stop before the waster eject is Occurred	70	1	
580	30/05/2018 14:08:57	3	Error Message: Stop before the waster eject is Cancel	70	0	
581	30/05/2018 14:15:45	10	Bank Load: Bank change into 32	32		
582	30/05/2018 14:15:45	1	Work Data Change: Wire Length Correction 1 is from 0.0 to 4.5	2561	0	4.5
583	30/05/2018 14:15:45	2	Button Change: Crimp 1 Switch is to OFF	1281	0	
584	30/05/2018 14:15:45	2	Button Change: Crimp 2 Switch is to OFF	1282	0	
585	30/05/2018 14:15:45	2	Button Change: Detection status of crimp error 1 is to OFF	2575	0	
586	30/05/2018 14:15:45	2	Button Change: Detection status of no terminal 1 is to OFF	2577	0	
587	30/05/2018 14:15:45	2	Button Change: Detection status of terminal overload 1 is to OFF	2579	0	
588	30/05/2018 14:15:45	1	Work Data Change: Wire Length is from 1465 to 1415	257	1465	1415
589	30/05/2018 14:15:45	1	Work Data Change: Strip Length 1 is from 3.7 to 3.6	513	3.7	3.6
590	30/05/2018 14:15:45	2	Button Change: Detection status of crimp error 2 is to OFF	2576	0	
591	30/05/2018 14:15:45	2	Button Change: Detection status of no terminal 2 is to OFF	2578	0	
592	30/05/2018 14:15:45	2	Button Change: Detection status of terminal overload 2 is to OFF	2580	0	
593	30/05/2018 14:15:45	1	Work Data Change: Strip Depth (Open length) is from 0.26 to 0.24	515	0.26	0.24
594	30/05/2018 14:15:45	1	Work Data Change: Strip Length 2 is from 3.4 to 3.5	769	3.4	3.5
595	30/05/2018 14:15:45	1	Work Data Change: Crimp Height 1 is from 1.11 to 1.13	1026	1.11	1.13
596	30/05/2018 14:15:45	1	Work Data Change: Crimp Side Pos 1 is from 0.0 to -0.1	1027	0	-0.1
597	30/05/2018 14:15:45	1	Work Data Change: Crimp Position 2 is from 9.2 to 9.3	1281	9.2	9.3
598	30/05/2018 14:15:45	1	Work Data Change: Crimp Height 2 is from 0.48 to 0.44	1282	0.48	0.44
599	30/05/2018 14:15:45	1	Work Data Change: Wire Feed Speed 3 is from 6.0 to 4.0	2566	6	4
600	30/05/2018 14:15:45	1	Work Data Change: Wire Length Correction 3 is from 0.4 to 0.6	2563	0.4	0.6
601	30/05/2018 14:16:47	2	Button Change: NORMAL is to OFF	257	0	
602	30/05/2018 14:16:47	2	Button Change: SAMPLE is to ON	261	1	
603	30/05/2018 14:16:48	2	Button Change: Crimp 1 Switch is to ON	1281	1	
604	30/05/2018 14:16:48	2	Button Change: Detection status of crimp error 1 is to ON	2575	1	
605	30/05/2018 14:16:48	2	Button Change: Detection status of no terminal 1 is to ON	2577	1	
606	30/05/2018 14:16:48	2	Button Change: Detection status of terminal overload 1 is to ON	2579	1	
607	30/05/2018 14:16:50	2	Button Change: Crimp 2 Switch is to ON	1282	1	
608	30/05/2018 14:16:50	2	Button Change: Detection status of crimp error 2 is to ON	2576	1	
609	30/05/2018 14:16:50	2	Button Change: Detection status of no terminal 2 is to ON	2578	1	
610	30/05/2018 14:16:50	2	Button Change: Detection status of terminal overload 2 is to ON	2580	1	
611	30/05/2018 14:16:53	3	Error Message: Defect detection: Side1 miss-crimp (CFM) is Occurred	81	1	
612	30/05/2018 14:16:55	3	Error Message: Defect detection: Side1 miss-crimp (CFM) is Cancel	81	0	
613	30/05/2018 14:17:01	2	Button Change: CFM Teaching status is to ON	1806	1	
614	30/05/2018 14:17:03	3	Error Message: Stop before the waster eject is Occurred	70	1	
615	30/05/2018 14:17:06	3	Error Message: Stop before the waster eject is Cancel	70	0	
616	30/05/2018 14:17:49	2	Button Change: SAMPLE is to OFF	261	0	
617	30/05/2018 14:17:49	2	Button Change: SAMPLE2 is to ON	262	1	
618	30/05/2018 14:20:22	2	Button Change: NORMAL is to ON	257	1	
619	30/05/2018 14:20:22	2	Button Change: SAMPLE2 is to OFF	262	0	
620	30/05/2018 14:20:27	2	Button Change: CFM Teaching status is to OFF	1806	0	
621	30/05/2018 14:43:02	10	Bank Load: Bank change into 33	33		
622	30/05/2018 14:43:02	1	Work Data Change: Wire Length Correction 1 is from 4.5 to 0.0	2561	4.5	0
623	30/05/2018 14:43:02	2	Button Change: Crimp 1 Switch is to OFF	1281	0	
624	30/05/2018 14:43:02	2	Button Change: Crimp 2 Switch is to OFF	1282	0	
625	30/05/2018 14:43:02	2	Button Change: Detection status of crimp error 1 is to OFF	2575	0	
626	30/05/2018 14:43:02	2	Button Change: Detection status of no terminal 1 is to OFF	2577	0	
627	30/05/2018 14:43:02	2	Button Change: Detection status of terminal overload 1 is to OFF	2579	0	
628	30/05/2018 14:43:02	1	Work Data Change: Wire Length is from 1415 to 1465	257	1415	1465
629	30/05/2018 14:43:02	1	Work Data Change: Strip Length 1 is from 3.6 to 3.7	513	3.6	3.7
630	30/05/2018 14:43:02	2	Button Change: Detection status of crimp error 2 is to OFF	2576	0	
631	30/05/2018 14:43:02	2	Button Change: Detection status of no terminal 2 is to OFF	2578	0	
632	30/05/2018 14:43:02	2	Button Change: Detection status of terminal overload 2 is to OFF	2580	0	
633	30/05/2018 14:43:02	1	Work Data Change: Strip Depth (Open length) is from 0.24 to 0.26	515	0.24	0.26
634	30/05/2018 14:43:02	1	Work Data Change: Strip Length 2 is from 3.5 to 3.4	769	3.5	3.4
635	30/05/2018 14:43:02	1	Work Data Change: Crimp Height 1 is from 1.13 to 1.11	1026	1.13	1.11
636	30/05/2018 14:43:02	1	Work Data Change: Crimp Side Pos 1 is from -0.1 to 0.0	1027	-0.1	0
637	30/05/2018 14:43:02	1	Work Data Change: Crimp Position 2 is from 9.3 to 9.2	1281	9.3	9.2
638	30/05/2018 14:43:02	1	Work Data Change: Crimp Height 2 is from 0.44 to 0.48	1282	0.44	0.48
639	30/05/2018 14:43:02	1	Work Data Change: Wire Feed Speed 3 is from 4.0 to 6.0	2566	4	6
640	30/05/2018 14:43:02	1	Work Data Change: Wire Length Correction 3 is from 0.6 to 0.4	2563	0.6	0.4
641	30/05/2018 14:44:49	2	Button Change: NORMAL is to OFF	257	0	
642	30/05/2018 14:44:49	2	Button Change: SAMPLE is to ON	261	1	
643	30/05/2018 14:44:59	2	Button Change: Crimp 1 Switch is to ON	1281	1	
644	30/05/2018 14:44:59	2	Button Change: Detection status of crimp error 1 is to ON	2575	1	
645	30/05/2018 14:44:59	2	Button Change: Detection status of no terminal 1 is to ON	2577	1	
646	30/05/2018 14:44:59	2	Button Change: Detection status of terminal overload 1 is to ON	2579	1	
647	30/05/2018 14:45:01	2	Button Change: Crimp 2 Switch is to ON	1282	1	
648	30/05/2018 14:45:01	2	Button Change: Detection status of crimp error 2 is to ON	2576	1	
649	30/05/2018 14:45:01	2	Button Change: Detection status of no terminal 2 is to ON	2578	1	
650	30/05/2018 14:45:01	2	Button Change: Detection status of terminal overload 2 is to ON	2580	1	
651	30/05/2018 14:45:05	3	Error Message: Stop before the waster eject is Occurred	70	1	
652	30/05/2018 14:45:05	3	Error Message: Defect detection: Side2 miss-crimp (CFM) is Occurred	82	1	
653	30/05/2018 14:45:09	3	Error Message: Stop before the waster eject is Cancel	70	0	
654	30/05/2018 14:45:09	3	Error Message: Defect detection: Side2 miss-crimp (CFM) is Cancel	82	0	
655	30/05/2018 14:45:14	3	Error Message: Stop before the waster eject is Occurred	70	1	
656	30/05/2018 14:45:14	3	Error Message: Defect detection: Side2 miss-crimp (CFM) is Occurred	82	1	
657	30/05/2018 14:45:19	3	Error Message: Stop before the waster eject is Cancel	70	0	
658	30/05/2018 14:45:19	3	Error Message: Defect detection: Side2 miss-crimp (CFM) is Cancel	82	0	
659	30/05/2018 14:45:22	2	Button Change: CFM Teaching status is to ON	1806	1	
660	30/05/2018 14:46:17	2	Button Change: NORMAL is to ON	257	1	
661	30/05/2018 14:46:17	2	Button Change: SAMPLE is to OFF	261	0	
662	30/05/2018 14:47:19	2	Button Change: CFM Teaching status is to OFF	1806	0	
663	30/05/2018 14:51:30	10	Bank Load: Bank change into 71	71		
664	30/05/2018 14:51:31	1	Work Data Change: Wire Length Correction 1 is from 0.0 to 6.8	2561	0	6.8
665	30/05/2018 14:51:31	1	Work Data Change: Wire Feed Speed 2 is from 3.0 to 2.0	2565	3	2
666	30/05/2018 14:51:31	2	Button Change: Crimp 1 Switch is to OFF	1281	0	
667	30/05/2018 14:51:31	2	Button Change: Crimp 2 Switch is to OFF	1282	0	
668	30/05/2018 14:51:31	2	Button Change: Detection status of crimp error 1 is to OFF	2575	0	
669	30/05/2018 14:51:31	2	Button Change: Detection status of no terminal 1 is to OFF	2577	0	
670	30/05/2018 14:51:31	2	Button Change: Detection status of terminal overload 1 is to OFF	2579	0	
671	30/05/2018 14:51:31	1	Work Data Change: Wire Length is from 1465 to 1610	257	1465	1610
672	30/05/2018 14:51:31	2	Button Change: Detection status of crimp error 2 is to OFF	2576	0	
673	30/05/2018 14:51:31	2	Button Change: Detection status of no terminal 2 is to OFF	2578	0	
674	30/05/2018 14:51:31	2	Button Change: Detection status of terminal overload 2 is to OFF	2580	0	
675	30/05/2018 14:51:31	1	Work Data Change: Strip Depth (Open length) is from 0.26 to 0.24	515	0.26	0.24
676	30/05/2018 14:51:31	1	Work Data Change: Strip Length 1 is from 3.7 to 3.5	513	3.7	3.5
677	30/05/2018 14:51:31	1	Work Data Change: Strip Length 2 is from 3.4 to 3.3	769	3.4	3.3
678	30/05/2018 14:51:31	1	Work Data Change: Crimp Height 1 is from 1.11 to 1.16	1026	1.11	1.16
679	30/05/2018 14:51:31	1	Work Data Change: Crimp Position 1 is from 10.5 to 10.3	1025	10.5	10.3
680	30/05/2018 14:51:31	1	Work Data Change: Crimp Height 2 is from 0.48 to 0.46	1282	0.48	0.46
681	30/05/2018 14:51:31	1	Work Data Change: Wire Feed Speed 3 is from 6.0 to 5.0	2566	6	5
682	30/05/2018 14:51:31	1	Work Data Change: Wire Length Correction 3 is from 0.4 to 0.7	2563	0.4	0.7
683	30/05/2018 14:53:12	1	Work Data Change: Wire Length is from 1610 to 1405	257	1610	1405
684	30/05/2018 14:53:13	1	Work Data Change: Strip Length 1 is from 3.5 to 3.6	513	3.5	3.6
685	30/05/2018 14:53:13	1	Work Data Change: Strip Length 2 is from 3.3 to 3.4	769	3.3	3.4
686	30/05/2018 14:53:20	1	Work Data Change: Crimp Position 1 is from 10.3 to 10.5	1025	10.3	10.5
687	30/05/2018 14:53:22	2	Button Change: Crimp 1 Switch is to ON	1281	1	
688	30/05/2018 14:53:22	2	Button Change: Detection status of crimp error 1 is to ON	2575	1	
689	30/05/2018 14:53:22	2	Button Change: Detection status of no terminal 1 is to ON	2577	1	
690	30/05/2018 14:53:22	2	Button Change: Detection status of terminal overload 1 is to ON	2579	1	
691	30/05/2018 14:53:25	2	Button Change: NORMAL is to OFF	257	0	
692	30/05/2018 14:53:25	2	Button Change: TEST is to ON	259	1	
693	30/05/2018 14:53:27	2	Button Change: Crimp 1 Switch is to OFF	1281	0	
694	30/05/2018 14:53:27	2	Button Change: Detection status of crimp error 1 is to OFF	2575	0	
695	30/05/2018 14:53:27	2	Button Change: Detection status of no terminal 1 is to OFF	2577	0	
696	30/05/2018 14:53:27	2	Button Change: Detection status of terminal overload 1 is to OFF	2579	0	
697	30/05/2018 14:53:35	3	Error Message: Wire joint is Occurred	28	1	
698	30/05/2018 14:53:36	3	Error Message: Wire joint is Cancel	28	0	
699	30/05/2018 14:53:42	2	Button Change: Crimp 1 Switch is to ON	1281	1	
700	30/05/2018 14:53:42	2	Button Change: Detection status of crimp error 1 is to ON	2575	1	
701	30/05/2018 14:53:42	2	Button Change: Detection status of no terminal 1 is to ON	2577	1	
702	30/05/2018 14:53:42	2	Button Change: Detection status of terminal overload 1 is to ON	2579	1	
703	30/05/2018 14:53:43	2	Button Change: Crimp 2 Switch is to ON	1282	1	
704	30/05/2018 14:53:43	2	Button Change: Detection status of crimp error 2 is to ON	2576	1	
705	30/05/2018 14:53:43	2	Button Change: Detection status of no terminal 2 is to ON	2578	1	
706	30/05/2018 14:53:43	2	Button Change: Detection status of terminal overload 2 is to ON	2580	1	
707	30/05/2018 14:53:47	2	Button Change: CFM Teaching status is to ON	1806	1	
708	30/05/2018 14:53:49	3	Error Message: Stop before the waster eject is Occurred	70	1	
709	30/05/2018 14:53:51	3	Error Message: Stop before the waster eject is Cancel	70	0	
710	30/05/2018 14:54:32	1	Work Data Change: Crimp Height 1 is from 1.16 to 1.13	1026	1.16	1.13
711	30/05/2018 14:54:40	1	Work Data Change: Crimp Height 2 is from 0.46 to 0.43	1282	0.46	0.43
712	30/05/2018 14:54:48	3	Error Message: Stop before the waster eject is Occurred	70	1	
713	30/05/2018 14:54:48	3	Error Message: Defect detection: Side1 miss-crimp (CFM) is Occurred	81	1	
714	30/05/2018 14:54:48	3	Error Message: Defect detection: Side2 miss-crimp (CFM) is Occurred	82	1	
715	30/05/2018 14:54:49	3	Error Message: Stop before the waster eject is Cancel	70	0	
716	30/05/2018 14:54:49	3	Error Message: Defect detection: Side1 miss-crimp (CFM) is Cancel	81	0	
717	30/05/2018 14:54:49	3	Error Message: Defect detection: Side2 miss-crimp (CFM) is Cancel	82	0	
718	30/05/2018 14:54:51	3	Error Message: Stop before the waster eject is Occurred	70	1	
719	30/05/2018 14:54:52	3	Error Message: Stop before the waster eject is Cancel	70	0	
720	30/05/2018 14:55:52	1	Work Data Change: Crimp Height 1 is from 1.13 to 1.14	1026	1.13	1.14
721	30/05/2018 14:56:02	2	Button Change: SAMPLE is to ON	261	1	
722	30/05/2018 14:56:02	2	Button Change: TEST is to OFF	259	0	
723	30/05/2018 14:56:05	3	Error Message: Stop before the waster eject is Occurred	70	1	
724	30/05/2018 14:56:05	3	Error Message: Defect detection: Side2 miss-crimp (CFM) is Occurred	82	1	
725	30/05/2018 14:56:08	3	Error Message: Stop before the waster eject is Cancel	70	0	
726	30/05/2018 14:56:08	3	Error Message: Defect detection: Side2 miss-crimp (CFM) is Cancel	82	0	
727	30/05/2018 14:56:09	2	Button Change: CFM Teaching status is to OFF	1806	0	
728	30/05/2018 14:56:11	3	Error Message: Stop before the waster eject is Occurred	70	1	
729	30/05/2018 14:56:11	3	Error Message: Defect detection: Side2 miss-crimp (CFM) is Occurred	82	1	
730	30/05/2018 14:56:13	3	Error Message: Stop before the waster eject is Cancel	70	0	
731	30/05/2018 14:56:13	3	Error Message: Defect detection: Side2 miss-crimp (CFM) is Cancel	82	0	
732	30/05/2018 14:56:32	2	Button Change: CFM Teaching status is to ON	1806	1	
733	30/05/2018 14:57:20	2	Button Change: SAMPLE is to OFF	261	0	
734	30/05/2018 14:57:20	2	Button Change: SAMPLE2 is to ON	262	1	
735	30/05/2018 14:57:56	1	Work Data Change: Wire Length Correction 3 is from 0.7 to -0.1	2563	0.7	-0.1
736	30/05/2018 14:58:02	1	Work Data Change: Wire Length Correction 3 is from -0.1 to 0.2	2563	-0.1	0.2
737	30/05/2018 14:58:45	2	Button Change: NORMAL is to ON	257	1	
738	30/05/2018 14:58:45	2	Button Change: SAMPLE2 is to OFF	262	0	
739	30/05/2018 14:58:50	2	Button Change: CFM Teaching status is to OFF	1806	0	
740	30/05/2018 15:19:04	10	Bank Load: Bank change into 35	35		
741	30/05/2018 15:19:04	1	Work Data Change: Wire Length Correction 1 is from 6.8 to 3.4	2561	6.8	3.4
742	30/05/2018 15:19:04	1	Work Data Change: Wire Feed Speed 2 is from 2.0 to 3.0	2565	2	3
743	30/05/2018 15:19:04	2	Button Change: Crimp 1 Switch is to OFF	1281	0	
744	30/05/2018 15:19:04	2	Button Change: Crimp 2 Switch is to OFF	1282	0	
745	30/05/2018 15:19:04	2	Button Change: Detection status of crimp error 1 is to OFF	2575	0	
746	30/05/2018 15:19:04	2	Button Change: Detection status of no terminal 1 is to OFF	2577	0	
747	30/05/2018 15:19:04	2	Button Change: Detection status of terminal overload 1 is to OFF	2579	0	
748	30/05/2018 15:19:04	1	Work Data Change: Wire Length is from 1405 to 1455	257	1405	1455
749	30/05/2018 15:19:04	2	Button Change: Detection status of crimp error 2 is to OFF	2576	0	
750	30/05/2018 15:19:04	2	Button Change: Detection status of no terminal 2 is to OFF	2578	0	
751	30/05/2018 15:19:04	2	Button Change: Detection status of terminal overload 2 is to OFF	2580	0	
752	30/05/2018 15:19:04	1	Work Data Change: Strip Length 1 is from 3.6 to 3.4	513	3.6	3.4
753	30/05/2018 15:19:04	1	Work Data Change: Strip Length 2 is from 3.4 to 3.8	769	3.4	3.8
754	30/05/2018 15:19:04	1	Work Data Change: Crimp Position 1 is from 10.5 to 10.2	1025	10.5	10.2
755	30/05/2018 15:19:04	1	Work Data Change: Crimp Height 1 is from 1.14 to 1.10	1026	1.14	1.1
756	30/05/2018 15:19:04	1	Work Data Change: Crimp Position 2 is from 9.2 to 9.7	1281	9.2	9.7
757	30/05/2018 15:19:04	1	Work Data Change: Wire Length Correction 3 is from 0.2 to 0.5	2563	0.2	0.5
758	30/05/2018 15:19:04	1	Work Data Change: Crimp Height 2 is from 0.43 to 0.47	1282	0.43	0.47
759	30/05/2018 15:19:33	2	Button Change: Crimp 1 Switch is to ON	1281	1	
760	30/05/2018 15:19:33	2	Button Change: Detection status of crimp error 1 is to ON	2575	1	
761	30/05/2018 15:19:33	2	Button Change: Detection status of no terminal 1 is to ON	2577	1	
762	30/05/2018 15:19:33	2	Button Change: Detection status of terminal overload 1 is to ON	2579	1	
763	30/05/2018 15:19:34	2	Button Change: Crimp 2 Switch is to ON	1282	1	
764	30/05/2018 15:19:34	2	Button Change: Detection status of crimp error 2 is to ON	2576	1	
765	30/05/2018 15:19:34	2	Button Change: Detection status of no terminal 2 is to ON	2578	1	
766	30/05/2018 15:19:34	2	Button Change: Detection status of terminal overload 2 is to ON	2580	1	
767	30/05/2018 15:19:35	2	Button Change: NORMAL is to OFF	257	0	
768	30/05/2018 15:19:35	2	Button Change: SAMPLE is to ON	261	1	
769	30/05/2018 15:19:56	1	Work Data Change: Strip Length 1 is from 3.4 to 3.7	513	3.4	3.7
770	30/05/2018 15:20:00	1	Work Data Change: Crimp Position 1 is from 10.2 to 10.5	1025	10.2	10.5
771	30/05/2018 15:20:07	3	Error Message: Defect detection: Side1 miss-crimp (CFM) is Occurred	81	1	
772	30/05/2018 15:20:08	3	Error Message: Defect detection: Side1 miss-crimp (CFM) is Cancel	81	0	
773	30/05/2018 15:20:12	2	Button Change: CFM Teaching status is to ON	1806	1	
774	30/05/2018 15:20:14	3	Error Message: Stop before the waster eject is Occurred	70	1	
775	30/05/2018 15:20:15	3	Error Message: Stop before the waster eject is Cancel	70	0	
776	30/05/2018 15:20:38	1	Work Data Change: Crimp Height 1 is from 1.10 to 1.13	1026	1.1	1.13
777	30/05/2018 15:20:50	1	Work Data Change: Crimp Position 2 is from 9.7 to 9.3	1281	9.7	9.3
778	30/05/2018 15:21:03	1	Work Data Change: Crimp Height 2 is from 0.47 to 0.45	1282	0.47	0.45
779	30/05/2018 15:22:45	1	Work Data Change: Strip Length 2 is from 3.8 to 3.4	769	3.8	3.4
780	30/05/2018 15:22:47	2	Button Change: SAMPLE is to OFF	261	0	
781	30/05/2018 15:22:47	2	Button Change: SAMPLE2 is to ON	262	1	
782	30/05/2018 15:23:06	1	Work Data Change: Crimp Position 2 is from 9.3 to 9.2	1281	9.3	9.2
783	30/05/2018 15:23:27	2	Button Change: NORMAL is to ON	257	1	
784	30/05/2018 15:23:27	2	Button Change: SAMPLE2 is to OFF	262	0	
785	30/05/2018 15:23:31	2	Button Change: CFM Teaching status is to OFF	1806	0	
786	30/05/2018 15:27:54	3	Error Message: Side 2 No terminal is Occurred	60	1	
787	30/05/2018 15:28:35	3	Error Message: Side 2 No terminal is Cancel	60	0	
788	30/05/2018 15:35:47	10	Bank Load: Bank change into 71	71		
789	30/05/2018 15:35:47	1	Work Data Change: Wire Length Correction 1 is from 3.4 to 6.8	2561	3.4	6.8
790	30/05/2018 15:35:47	1	Work Data Change: Wire Feed Speed 2 is from 3.0 to 2.0	2565	3	2
791	30/05/2018 15:35:47	2	Button Change: Crimp 1 Switch is to OFF	1281	0	
792	30/05/2018 15:35:47	2	Button Change: Crimp 2 Switch is to OFF	1282	0	
793	30/05/2018 15:35:47	2	Button Change: Detection status of crimp error 1 is to OFF	2575	0	
794	30/05/2018 15:35:47	2	Button Change: Detection status of no terminal 1 is to OFF	2577	0	
795	30/05/2018 15:35:47	2	Button Change: Detection status of terminal overload 1 is to OFF	2579	0	
796	30/05/2018 15:35:47	1	Work Data Change: Wire Length is from 1455 to 1405	257	1455	1405
797	30/05/2018 15:35:47	2	Button Change: Detection status of crimp error 2 is to OFF	2576	0	
798	30/05/2018 15:35:47	2	Button Change: Detection status of no terminal 2 is to OFF	2578	0	
799	30/05/2018 15:35:47	2	Button Change: Detection status of terminal overload 2 is to OFF	2580	0	
800	30/05/2018 15:35:47	1	Work Data Change: Strip Length 1 is from 3.7 to 3.6	513	3.7	3.6
801	30/05/2018 15:35:47	1	Work Data Change: Crimp Height 1 is from 1.13 to 1.14	1026	1.13	1.14
802	30/05/2018 15:35:47	1	Work Data Change: Crimp Height 2 is from 0.45 to 0.43	1282	0.45	0.43
803	30/05/2018 15:35:47	1	Work Data Change: Wire Length Correction 3 is from 0.5 to 0.2	2563	0.5	0.2
804	30/05/2018 15:36:37	2	Button Change: NORMAL is to OFF	257	0	
805	30/05/2018 15:36:37	2	Button Change: SAMPLE is to ON	261	1	
806	30/05/2018 15:36:38	2	Button Change: Crimp 1 Switch is to ON	1281	1	
807	30/05/2018 15:36:38	2	Button Change: Detection status of crimp error 1 is to ON	2575	1	
808	30/05/2018 15:36:38	2	Button Change: Detection status of no terminal 1 is to ON	2577	1	
809	30/05/2018 15:36:38	2	Button Change: Detection status of terminal overload 1 is to ON	2579	1	
810	30/05/2018 15:36:40	2	Button Change: Crimp 2 Switch is to ON	1282	1	
811	30/05/2018 15:36:40	2	Button Change: Detection status of crimp error 2 is to ON	2576	1	
812	30/05/2018 15:36:40	2	Button Change: Detection status of no terminal 2 is to ON	2578	1	
813	30/05/2018 15:36:40	2	Button Change: Detection status of terminal overload 2 is to ON	2580	1	
814	30/05/2018 15:37:18	2	Button Change: SAMPLE is to OFF	261	0	
815	30/05/2018 15:37:18	2	Button Change: SAMPLE2 is to ON	262	1	
816	30/05/2018 15:37:21	3	Error Message: Stop before the waster eject is Occurred	70	1	
817	30/05/2018 15:37:21	3	Error Message: Defect detection: Side2 miss-crimp (CFM) is Occurred	82	1	
818	30/05/2018 15:37:23	3	Error Message: Stop before the waster eject is Cancel	70	0	
819	30/05/2018 15:37:23	3	Error Message: Defect detection: Side2 miss-crimp (CFM) is Cancel	82	0	
820	30/05/2018 15:37:27	2	Button Change: CFM Teaching status is to ON	1806	1	
821	30/05/2018 15:38:13	2	Button Change: NORMAL is to ON	257	1	
822	30/05/2018 15:38:13	2	Button Change: SAMPLE2 is to OFF	262	0	
823	30/05/2018 15:38:20	2	Button Change: CFM Teaching status is to OFF	1806	0	
824	30/05/2018 15:48:52	10	Bank Load: Bank change into 41	41		
825	30/05/2018 15:48:52	1	Work Data Change: Wire Length Correction 1 is from 6.8 to 3.2	2561	6.8	3.2
826	30/05/2018 15:48:52	1	Work Data Change: Wire Feed Speed 2 is from 2.0 to 3.0	2565	2	3
827	30/05/2018 15:48:52	2	Button Change: Crimp 1 Switch is to OFF	1281	0	
828	30/05/2018 15:48:52	2	Button Change: Detection status of crimp error 1 is to OFF	2575	0	
829	30/05/2018 15:48:52	2	Button Change: Detection status of no terminal 1 is to OFF	2577	0	
830	30/05/2018 15:48:52	2	Button Change: Detection status of terminal overload 1 is to OFF	2579	0	
831	30/05/2018 15:48:52	2	Button Change: Crimp 2 Switch is to OFF	1282	0	
832	30/05/2018 15:48:52	1	Work Data Change: Wire Length is from 1405 to 1415	257	1405	1415
833	30/05/2018 15:48:52	2	Button Change: Detection status of crimp error 2 is to OFF	2576	0	
834	30/05/2018 15:48:52	2	Button Change: Detection status of no terminal 2 is to OFF	2578	0	
835	30/05/2018 15:48:52	2	Button Change: Detection status of terminal overload 2 is to OFF	2580	0	
836	30/05/2018 15:48:52	1	Work Data Change: Crimp Position 1 is from 10.5 to 10.4	1025	10.5	10.4
837	30/05/2018 15:48:52	1	Work Data Change: Crimp Position 2 is from 9.2 to 9.4	1281	9.2	9.4
838	30/05/2018 15:48:52	1	Work Data Change: Crimp Height 2 is from 0.43 to 0.44	1282	0.43	0.44
839	30/05/2018 15:48:52	1	Work Data Change: Wire Feed Speed 3 is from 5.0 to 6.0	2566	5	6
840	30/05/2018 15:48:52	1	Work Data Change: Wire Length Correction 3 is from 0.2 to 0.5	2563	0.2	0.5
841	30/05/2018 15:51:03	2	Button Change: NORMAL is to OFF	257	0	
842	30/05/2018 15:51:03	2	Button Change: TEST is to ON	259	1	
843	30/05/2018 15:51:11	3	Error Message: Wire joint is Occurred	28	1	
844	30/05/2018 15:51:12	3	Error Message: Wire joint is Cancel	28	0	
845	30/05/2018 15:51:23	2	Button Change: Crimp 1 Switch is to ON	1281	1	
846	30/05/2018 15:51:23	2	Button Change: Detection status of crimp error 1 is to ON	2575	1	
847	30/05/2018 15:51:23	2	Button Change: Detection status of no terminal 1 is to ON	2577	1	
848	30/05/2018 15:51:23	2	Button Change: Detection status of terminal overload 1 is to ON	2579	1	
849	30/05/2018 15:51:25	2	Button Change: Crimp 2 Switch is to ON	1282	1	
850	30/05/2018 15:51:25	2	Button Change: Detection status of crimp error 2 is to ON	2576	1	
851	30/05/2018 15:51:25	2	Button Change: Detection status of no terminal 2 is to ON	2578	1	
852	30/05/2018 15:51:25	2	Button Change: Detection status of terminal overload 2 is to ON	2580	1	
853	30/05/2018 15:51:26	2	Button Change: SAMPLE is to ON	261	1	
854	30/05/2018 15:51:26	2	Button Change: TEST is to OFF	259	0	
855	30/05/2018 15:51:28	3	Error Message: Stop before the waster eject is Occurred	70	1	
856	30/05/2018 15:51:30	3	Error Message: Stop before the waster eject is Cancel	70	0	
857	30/05/2018 15:51:40	1	Work Data Change: Crimp Position 1 is from 10.4 to 10.5	1025	10.4	10.5
858	30/05/2018 15:52:34	1	Work Data Change: Crimp Position 2 is from 9.4 to 9.3	1281	9.4	9.3
859	30/05/2018 15:52:39	2	Button Change: SAMPLE is to OFF	261	0	
860	30/05/2018 15:52:39	2	Button Change: SAMPLE2 is to ON	262	1	
861	30/05/2018 15:53:07	2	Button Change: NORMAL is to ON	257	1	
862	30/05/2018 15:53:07	2	Button Change: SAMPLE2 is to OFF	262	0	
863	30/05/2018 15:53:41	1	Work Data Change: Crimp Position 2 is from 9.3 to 9.4	1281	9.3	9.4
864	30/05/2018 16:00:07	3	Error Message: Defect detection: Side1 miss-crimp (CFM) is Occurred	81	1	
865	30/05/2018 16:00:58	3	Error Message: Defect detection: Side1 miss-crimp (CFM) is Cancel	81	0	
866	30/05/2018 16:04:57	2	Button Change: CFM Teaching status is to ON	1806	1	
867	30/05/2018 16:05:42	3	Error Message: Stop before the waster eject is Occurred	70	1	
868	30/05/2018 16:05:43	3	Error Message: Stop before the waster eject is Cancel	70	0	
869	30/05/2018 16:05:51	2	Button Change: CFM Teaching status is to OFF	1806	0	
870	30/05/2018 16:12:39	10	Bank Load: Bank change into 40	40		
871	30/05/2018 16:12:39	1	Work Data Change: Wire Length Correction 1 is from 3.2 to 0.0	2561	3.2	0
872	30/05/2018 16:12:39	2	Button Change: Crimp 1 Switch is to OFF	1281	0	
873	30/05/2018 16:12:39	2	Button Change: Crimp 2 Switch is to OFF	1282	0	
874	30/05/2018 16:12:39	2	Button Change: Detection status of crimp error 1 is to OFF	2575	0	
875	30/05/2018 16:12:39	2	Button Change: Detection status of no terminal 1 is to OFF	2577	0	
876	30/05/2018 16:12:39	2	Button Change: Detection status of terminal overload 1 is to OFF	2579	0	
877	30/05/2018 16:12:39	1	Work Data Change: Wire Length is from 1415 to 1465	257	1415	1465
878	30/05/2018 16:12:39	2	Button Change: Detection status of crimp error 2 is to OFF	2576	0	
879	30/05/2018 16:12:39	2	Button Change: Detection status of no terminal 2 is to OFF	2578	0	
880	30/05/2018 16:12:39	2	Button Change: Detection status of terminal overload 2 is to OFF	2580	0	
881	30/05/2018 16:12:39	1	Work Data Change: Strip Depth (Open length) is from 0.24 to 0.25	515	0.24	0.25
882	30/05/2018 16:12:39	1	Work Data Change: Strip Length 1 is from 3.6 to 3.4	513	3.6	3.4
883	30/05/2018 16:12:39	1	Work Data Change: Strip Length 2 is from 3.4 to 3.7	769	3.4	3.7
884	30/05/2018 16:12:39	1	Work Data Change: Crimp Position 1 is from 10.5 to 10.1	1025	10.5	10.1
885	30/05/2018 16:12:39	1	Work Data Change: Crimp Height 1 is from 1.14 to 0.46	1026	1.14	0.46
886	30/05/2018 16:12:39	1	Work Data Change: Crimp Position 2 is from 9.4 to 9.6	1281	9.4	9.6
887	30/05/2018 16:12:39	1	Work Data Change: Crimp Height 2 is from 0.44 to 0.48	1282	0.44	0.48
888	30/05/2018 16:12:39	1	Work Data Change: Wire Feed Speed 3 is from 6.0 to 4.0	2566	6	4
889	30/05/2018 16:13:37	2	Button Change: NORMAL is to OFF	257	0	
890	30/05/2018 16:13:37	2	Button Change: SAMPLE is to ON	261	1	
891	30/05/2018 16:13:48	2	Button Change: Crimp 1 Switch is to ON	1281	1	
892	30/05/2018 16:13:48	2	Button Change: Detection status of crimp error 1 is to ON	2575	1	
893	30/05/2018 16:13:48	2	Button Change: Detection status of no terminal 1 is to ON	2577	1	
894	30/05/2018 16:13:48	2	Button Change: Detection status of terminal overload 1 is to ON	2579	1	
895	30/05/2018 16:13:49	2	Button Change: Crimp 2 Switch is to ON	1282	1	
896	30/05/2018 16:13:49	2	Button Change: Detection status of crimp error 2 is to ON	2576	1	
897	30/05/2018 16:13:49	2	Button Change: Detection status of no terminal 2 is to ON	2578	1	
898	30/05/2018 16:13:49	2	Button Change: Detection status of terminal overload 2 is to ON	2580	1	
899	30/05/2018 16:13:52	3	Error Message: Defect detection: Side1 miss-crimp (CFM) is Occurred	81	1	
900	30/05/2018 16:13:54	3	Error Message: Defect detection: Side1 miss-crimp (CFM) is Cancel	81	0	
901	30/05/2018 16:14:01	2	Button Change: CFM Teaching status is to ON	1806	1	
902	30/05/2018 16:14:06	3	Error Message: Stop before the waster eject is Occurred	70	1	
903	30/05/2018 16:14:09	3	Error Message: Stop before the waster eject is Cancel	70	0	
904	30/05/2018 16:15:02	1	Work Data Change: Crimp Height 1 is from 0.46 to 0.93	1026	0.46	0.93
905	30/05/2018 16:15:07	2	Button Change: Crimp 2 Switch is to OFF	1282	0	
906	30/05/2018 16:15:07	2	Button Change: Detection status of crimp error 2 is to OFF	2576	0	
907	30/05/2018 16:15:07	2	Button Change: Detection status of no terminal 2 is to OFF	2578	0	
908	30/05/2018 16:15:07	2	Button Change: Detection status of terminal overload 2 is to OFF	2580	0	
909	30/05/2018 16:15:40	1	Work Data Change: Crimp Height 1 is from 0.93 to 1.02	1026	0.93	1.02
910	30/05/2018 16:16:15	1	Work Data Change: Crimp Height 1 is from 1.02 to 0.88	1026	1.02	0.88
911	30/05/2018 16:16:19	3	Error Message: Defect detection: Side1 miss-crimp (CFM) is Occurred	81	1	
912	30/05/2018 16:16:22	3	Error Message: Defect detection: Side1 miss-crimp (CFM) is Cancel	81	0	
913	30/05/2018 16:16:31	3	Error Message: Stop before the waster eject is Occurred	70	1	
914	30/05/2018 16:16:32	3	Error Message: Stop before the waster eject is Cancel	70	0	
915	30/05/2018 16:17:04	1	Work Data Change: Crimp Height 1 is from 0.88 to 1.09	1026	0.88	1.09
916	30/05/2018 16:17:31	1	Work Data Change: Crimp Position 1 is from 10.1 to 10.5	1025	10.1	10.5
917	30/05/2018 16:18:05	1	Work Data Change: Crimp Height 1 is from 1.09 to 1.12	1026	1.09	1.12
918	30/05/2018 16:20:49	2	Button Change: Crimp 2 Switch is to ON	1282	1	
919	30/05/2018 16:20:49	2	Button Change: Detection status of crimp error 2 is to ON	2576	1	
920	30/05/2018 16:20:49	2	Button Change: Detection status of no terminal 2 is to ON	2578	1	
921	30/05/2018 16:20:49	2	Button Change: Detection status of terminal overload 2 is to ON	2580	1	
922	30/05/2018 16:21:38	1	Work Data Change: Strip Length 1 is from 3.4 to 3.6	513	3.4	3.6
923	30/05/2018 16:21:46	1	Work Data Change: Crimp Position 2 is from 9.6 to 9.4	1281	9.6	9.4
924	30/05/2018 16:22:07	2	Button Change: SAMPLE is to OFF	261	0	
925	30/05/2018 16:22:07	2	Button Change: SAMPLE2 is to ON	262	1	
926	30/05/2018 16:24:17	2	Button Change: NORMAL is to ON	257	1	
927	30/05/2018 16:24:17	2	Button Change: SAMPLE2 is to OFF	262	0	
928	30/05/2018 16:24:35	2	Button Change: CFM Teaching status is to OFF	1806	0	
929	30/05/2018 16:28:49	1	Work Data Change: Strip Length 2 is from 3.7 to 3.4	769	3.7	3.4
930	30/05/2018 16:28:57	1	Work Data Change: Crimp Position 2 is from 9.4 to 9.5	1281	9.4	9.5
931	30/05/2018 16:29:20	1	Work Data Change: Crimp Position 2 is from 9.5 to 9.4	1281	9.5	9.4
932	30/05/2018 16:38:06	10	Bank Load: Bank change into 41	41		
933	30/05/2018 16:38:06	1	Work Data Change: Wire Length Correction 1 is from 0.0 to 3.2	2561	0	3.2
934	30/05/2018 16:38:06	2	Button Change: Crimp 1 Switch is to OFF	1281	0	
935	30/05/2018 16:38:06	2	Button Change: Crimp 2 Switch is to OFF	1282	0	
936	30/05/2018 16:38:06	2	Button Change: Detection status of crimp error 1 is to OFF	2575	0	
937	30/05/2018 16:38:06	2	Button Change: Detection status of no terminal 1 is to OFF	2577	0	
938	30/05/2018 16:38:06	2	Button Change: Detection status of terminal overload 1 is to OFF	2579	0	
939	30/05/2018 16:38:06	1	Work Data Change: Wire Length is from 1465 to 1415	257	1465	1415
940	30/05/2018 16:38:06	1	Work Data Change: Strip Depth (Open length) is from 0.25 to 0.24	515	0.25	0.24
941	30/05/2018 16:38:06	2	Button Change: Detection status of crimp error 2 is to OFF	2576	0	
942	30/05/2018 16:38:06	2	Button Change: Detection status of no terminal 2 is to OFF	2578	0	
943	30/05/2018 16:38:06	2	Button Change: Detection status of terminal overload 2 is to OFF	2580	0	
944	30/05/2018 16:38:06	1	Work Data Change: Crimp Height 1 is from 1.12 to 1.14	1026	1.12	1.14
945	30/05/2018 16:38:06	1	Work Data Change: Crimp Height 2 is from 0.48 to 0.44	1282	0.48	0.44
946	30/05/2018 16:38:06	1	Work Data Change: Wire Feed Speed 3 is from 4.0 to 6.0	2566	4	6
947	30/05/2018 16:40:29	2	Button Change: NORMAL is to OFF	257	0	
948	30/05/2018 16:40:29	2	Button Change: SAMPLE is to ON	261	1	
949	30/05/2018 16:40:41	2	Button Change: Crimp 1 Switch is to ON	1281	1	
950	30/05/2018 16:40:41	2	Button Change: Detection status of crimp error 1 is to ON	2575	1	
951	30/05/2018 16:40:41	2	Button Change: Detection status of no terminal 1 is to ON	2577	1	
952	30/05/2018 16:40:41	2	Button Change: Detection status of terminal overload 1 is to ON	2579	1	
953	30/05/2018 16:40:43	2	Button Change: Crimp 2 Switch is to ON	1282	1	
954	30/05/2018 16:40:43	2	Button Change: Detection status of crimp error 2 is to ON	2576	1	
955	30/05/2018 16:40:43	2	Button Change: Detection status of no terminal 2 is to ON	2578	1	
956	30/05/2018 16:40:43	2	Button Change: Detection status of terminal overload 2 is to ON	2580	1	
957	30/05/2018 16:40:46	3	Error Message: Stop before the waster eject is Occurred	70	1	
958	30/05/2018 16:40:46	3	Error Message: Defect detection: Side2 miss-crimp (CFM) is Occurred	82	1	
959	30/05/2018 16:40:49	3	Error Message: Stop before the waster eject is Cancel	70	0	
960	30/05/2018 16:40:49	3	Error Message: Defect detection: Side2 miss-crimp (CFM) is Cancel	82	0	
961	30/05/2018 16:40:56	2	Button Change: CFM Teaching status is to ON	1806	1	
962	30/05/2018 16:41:31	2	Button Change: SAMPLE is to OFF	261	0	
963	30/05/2018 16:41:31	2	Button Change: SAMPLE2 is to ON	262	1	
964	30/05/2018 16:42:58	2	Button Change: NORMAL is to ON	257	1	
965	30/05/2018 16:42:58	2	Button Change: SAMPLE2 is to OFF	262	0	
966	30/05/2018 16:43:05	2	Button Change: CFM Teaching status is to OFF	1806	0	
967	30/05/2018 16:54:55	10	Bank Load: Bank change into 40	40		
968	30/05/2018 16:54:55	1	Work Data Change: Wire Length Correction 1 is from 3.2 to 0.0	2561	3.2	0
969	30/05/2018 16:54:55	2	Button Change: Crimp 1 Switch is to OFF	1281	0	
970	30/05/2018 16:54:55	1	Work Data Change: Wire Length is from 1415 to 1465	257	1415	1465
971	30/05/2018 16:54:56	2	Button Change: Crimp 2 Switch is to OFF	1282	0	
972	30/05/2018 16:54:56	2	Button Change: Detection status of crimp error 1 is to OFF	2575	0	
973	30/05/2018 16:54:56	2	Button Change: Detection status of no terminal 1 is to OFF	2577	0	
974	30/05/2018 16:54:56	2	Button Change: Detection status of terminal overload 1 is to OFF	2579	0	
975	30/05/2018 16:54:56	1	Work Data Change: Strip Depth (Open length) is from 0.24 to 0.25	515	0.24	0.25
976	30/05/2018 16:54:56	2	Button Change: Detection status of crimp error 2 is to OFF	2576	0	
977	30/05/2018 16:54:56	2	Button Change: Detection status of no terminal 2 is to OFF	2578	0	
978	30/05/2018 16:54:56	2	Button Change: Detection status of terminal overload 2 is to OFF	2580	0	
979	30/05/2018 16:54:56	1	Work Data Change: Crimp Height 1 is from 1.14 to 1.12	1026	1.14	1.12
980	30/05/2018 16:54:56	1	Work Data Change: Crimp Height 2 is from 0.44 to 0.48	1282	0.44	0.48
981	30/05/2018 16:54:56	1	Work Data Change: Wire Feed Speed 3 is from 6.0 to 4.0	2566	6	4
982	30/05/2018 16:56:06	2	Button Change: NORMAL is to OFF	257	0	
983	30/05/2018 16:56:06	2	Button Change: SAMPLE is to ON	261	1	
984	30/05/2018 16:56:14	2	Button Change: Crimp 1 Switch is to ON	1281	1	
985	30/05/2018 16:56:14	2	Button Change: Detection status of crimp error 1 is to ON	2575	1	
986	30/05/2018 16:56:14	2	Button Change: Detection status of no terminal 1 is to ON	2577	1	
987	30/05/2018 16:56:14	2	Button Change: Detection status of terminal overload 1 is to ON	2579	1	
988	30/05/2018 16:56:16	2	Button Change: Crimp 2 Switch is to ON	1282	1	
989	30/05/2018 16:56:16	2	Button Change: Detection status of crimp error 2 is to ON	2576	1	
990	30/05/2018 16:56:16	2	Button Change: Detection status of no terminal 2 is to ON	2578	1	
991	30/05/2018 16:56:16	2	Button Change: Detection status of terminal overload 2 is to ON	2580	1	
992	30/05/2018 16:56:23	3	Error Message: Stop before the waster eject is Occurred	70	1	
993	30/05/2018 16:56:23	3	Error Message: Defect detection: Side2 miss-crimp (CFM) is Occurred	82	1	
994	30/05/2018 16:56:26	3	Error Message: Stop before the waster eject is Cancel	70	0	
995	30/05/2018 16:56:26	3	Error Message: Defect detection: Side2 miss-crimp (CFM) is Cancel	82	0	
996	30/05/2018 16:56:46	2	Button Change: CFM Teaching status is to ON	1806	1	
997	30/05/2018 16:57:22	1	Work Data Change: Strip Length 1 is from 3.6 to 3.7	513	3.6	3.7
998	30/05/2018 16:57:40	1	Work Data Change: Crimp Position 2 is from 9.4 to 9.3	1281	9.4	9.3
999	30/05/2018 16:57:51	2	Button Change: SAMPLE is to OFF	261	0	
1000	30/05/2018 16:57:51	2	Button Change: SAMPLE2 is to ON	262	1	
